#,Artist,Song,2015,2014,Album,Year
1,Metallica,Master Of Puppets,17,15,Master Of Puppets,1986
2,Metallica,One,5,5,…and Justice for All,1988
3,Led Zeppelin,Stairway To Heaven,14,18,Led Zeppelin IV,1971
4,Lynyrd Skynyrd,Free Bird,2,4,Lynard Skynard,1973
5,Tool,Sober,7,8,Undertow,1993
6,Rage Against The Machine,Killing In The Name,4,7,Rage Against the Machine,1992
7,Shihad,Home Again,8,31,Shihad (Fish Album),1996
8,Tool,Stinkfist,13,1,Aenima,1996
9,Metallica,Enter Sandman,11,36,Metallica (Black Album),1991
10,Guns N' Roses,November Rain,9,3,Use Your Illusion I,1991
11,Foo Fighters,Everlong,6,12,The Colour and the Shape,1997
12,AC/DC,Thunderstruck,1,17,The Razor's Edge,1990
13,Pearl Jam,Black,21,6,Ten,1991
14,Tool,Forty Six And Two,25,41,Aenima,1996
15,Devilskin,Little Pills,15,2,We Rise,2014
16,Tool,The Pot,65,62,"10,000 Days",2006
17,Meat Loaf,Bat Out Of Hell,445,542,Bat Out of Hell,1977
18,Dire Straits,Sultans Of Swing,981,878,Sultans of Swing,1978
19,The Black Keys,Lonely Boy,271,358,El Camino,2011
20,Tool,Anema,87,24,Aenima,1996
21,Queen,Bohemian Rhapsody,20,13,A Night at the Opera,1975
22,Hello Sailor,Gutter Black,953,957,Last Chance to Dance,1982
23,Blindspott,Nil By Mouth,39,10,Blindspott,2001
24,AC/DC,Back n Black,12,9,Back 'n' Black,1980
25,Disturbed,Down With The Sickness,71,26,The Sickness,2000
26,Metallica,Nothing Else Matters,23,33,Metallica (Black Album),1991
27,Nirvana,Smells Like Teen Spirit,3,14,Nevermind,1991
28,Highly Suspect,Lydia,22,Debut,Mister Asylum,2015
29,Guns N' Roses,Sweet Child O'Mine,16,25,Appetite for Destruction,1987
30,Metallica,Fade To Black,82,16,Ride the Lightning,1984
31,Queen,Fat Bottomed Girls,705,668,Jazz,1978
32,Black Sabbath,War Pigs,50,21,Paranoid,1970
33,Metallica,For Whom The Bell Tolls,116,42,Ride the Lightning,1984
34,Pink Floyd,Comfortably Numb,66,50,The Wall,1979
35,Tool,Lateralus,220,123,Lateralus,2001
36,Eagles,Hotel California,137,35,Hotel California,1976
37,Devilskin,Vessel,157,341,We Rise,2014
38,Slipknot,Duality,536,722,Vol. 3: (The Subliminal Verses),2004
39,Tool,Schism,155,96,Lateralus,2001
40,Highly Suspect,Bloodfeather,DEBUT,n/a,Mister Asylum,2015
41,Pantera,Cemetary Gates,96,134,Cowboys From Hell,1990
42,Slipknot,Snuff,581,877,All Hope Is Gone,2009
43,Pantera,Walk,92,336,Vulgar Display of Power,1992
44,Pearl Jam,Better Man,28,22,Vitolagy,1994
45,Guns N' Roses,Paradise City,30,28,Appetite for Destruction,1987
46,System Of A Down,Chop Suey,43,109,Toxicity,2001
47,Metallica,Whiskey In The Jar,550,468,Garage Inc,1998
48,Alice In Chains,Rooster,202,53,Dirt,1992
49,Foo Fighters,All My Life,10,20,One By One,2002
50,Foo Fighters,The Pretender,64,102,"Echoes, Silence, Patience & Grace",2007
51,Tool,Vicarious,446,345,"10,000 Days",2006
52,Blindspott,Phlex,61,108,Blindspott,2001
53,Pantera,Cowboys From Hell,181,47,Cowboys From Hell,1990
54,Foo Fighters,My Hero,34,77,The Colour and the Shape,1997
55,Pink Floyd,Shine On You Crazy Diamond,156,65,Wish You Were Here,1975
56,Pink Floyd,Wish You Were Here,510,80,Wish You Were Here,1975
57,Red Hot Chili Peppers,Dark Necessities,DEBUT,n/a,The Getaway,2016
58,Villainy,Safe Passage,926,Debut,Single Only,2015
59,Metallica,Sanitarium,494,364,Master Of Puppets,1986
60,Devilskin,Start A Revolution,251,29,We Rise,2014
61,Pearl Jam,Yellow Ledbetter,224,229,Jeremy B Side,1992
62,Red Hot Chili Peppers,Under The Bridge,31,43,Blood Sugar Sex Magik,1991
63,Five Finger Death Punch,Bad Company,532,608,War is the Answer,2010
64,Guns N' Roses,Welcome To The Jungle,37,81,Appetite for Destruction,1987
65,Dire Straits,Brothers In Arms,76,27,Brothers in Arms,1985
66,Motorhead,Ace Of Spades,77,70,Ace of Spades,1980
67,Alice In Chains,Man In The Box,105,49,Facelift,1990
68,Led Zeppelin,Kashmir,248,68,Physical Graffitti,1975
69,Tool,Eulogy,DEBUT,n/a,Enima,1996
70,Guns N' Roses,Estranged,63,164,Use Your Illusion II,1991
71,AC/DC,Highway To Hell,99,30,Highway To Hell,1979
72,Five Finger Death Punch,Wash It All Away,DEBUT,n/a,Got Your Six,2015
73,Guns N' Roses,Rocket Queen,114,143,Appetite for Destruction,1987
74,Rage Against The Machine,Know Your Enemy,269,45,Rage Against the Machine,1992
75,Metallica,The Unforgiven,33,74,Metallica (Black Album),1991
76,System Of A Down,Toxicity,151,534,Toxicity,2001
77,Kaleo,Way Down We Go,DEBUT,n/a,A/B,2016
78,Pearl Jam,Alive,51,39,Ten,1991
79,Five Finger Death Punch,House Of The Rising Sun,637,995,"The Wrong Side of Heaven and the Righteous Side of Hell, Volume 2",2014
80,Foo Fighters,Monkey Wrench,36,95,The Colour and the Shape,1997
81,Cold Chisel,Khe Sanh,273,94,Cold Chisel,1978
82,Five Finger Death Punch,Jekyll And Hyde,DEBUT,n/a,Got Your Six,2015
83,Black Sabbath,Paranoid,75,284,Paranoid,1970
84,Shinedown,Cut The Cord,624,Debut,2015 EP,2015
85,AC/DC,Hells Bells,38,55,Back 'n' Black,1980
86,Metallica,Sad But True,107,52,Metallica (Black Album),1991
87,Highly Suspect,Serotonia,DEBUT,n/a,Single Only,2016
88,Rammstein,Du Hast,187,115,Sehnsucht,1997
89,Marilyn Manson,The Beautiful People,29,34,Antichrist Superstar,1996
90,AC/DC,For Those About To Rock (We Salute You),178,97,For Those About To Rock,1981
91,Rage Against The Machine,Bomb Track,122,37,Rage Against the Machine,1992
92,Shihad,Pacifier,333,66,The General Electric,1999
93,Foo Fighters,Best Of You,134,209,In Your Honor,2005
94,Metallica,No Leaf Clover,378,199,S&M,1999
95,Red Hot Chili Peppers,Californication,394,394,Californication,1999
96,Devilskin,Never See The Light,168,58,We Rise,2013
97,Iron Maiden,Run To The Hills,176,157,Number of the Beast,1982
98,Alice In Chains,Nutshell,183,101,Jar of Flies,1993
99,Slipknot,Before I Forget,685,Debut,Vol. 3: (The Subliminal Verses),2004
100,Foo Fighters,Learn To Fly,41,90,There Is Nothing Left To Lose,1999
101,Villainy,Alligator Skin,593,222,Single Only,2011
102,Rage Against The Machine,Bulls On Parade,93,525,Evil Empire,1996
103,Guns N' Roses,Civil War,564,380,Use Your Illusion II,1991
104,Jimmy Barnes,Working Class Man,432,141,Working Class Man,1985
105,Tool,Parabola,544,277,Lateralus,2001
106,Disturbed,The Sound Of Silence,DEBUT,n/a,Immortilized,2015
107,George Thorogood,Bad To The Bone,301,250,Bad to the Bone,1982
108,Marilyn Manson,Third Day Of A Seven Day Binge,73,Debut,The Pale Emperor,2015
109,System Of A Down,B.Y.O.B,130,206,Mezmerize,2005
110,Foo Fighters,Alandria,113,560,Back and Forth,2011
111,Shihad,The General Electric,19,11,The General Electric,1999
112,Metallica,The Unforgiven II,53,112,Re-Load,1997
113,Pearl Jam,Daughter,26,46,vs.,1993
114,Sublime,Santeria,166,125,Sublime,1996
115,System Of A Down,Aerials,143,339,Toxicity,2001
116,Bon Jovi,Livin' On A Prayer,83,118,Slippery When Wet,1986
117,Avenged Sevenfold,Hail To The King,208,413,Hail To The King,2013
118,Alice In Chains,Would?,217,307,Dirt,1992
119,Korn,Freak On A Leash,100,146,Follow the Leader,1998
120,Johnny Cash,Hurt,385,389,American IV: The Man Comes Around,2002
121,A Perfect Circle,Judith,240,60,Mer de Noms,2000
122,The Rolling Stones,Gimme Shelter,18,23,Let it Bleed,1969
123,Live,Lightning Crashes,86,361,Throwing Copper,1994
124,Iron Maiden,Fear Of The Dark,886,883,Fear of the Dark,1992
125,Metallica,Fuel,60,154,Re-Load,1997
126,Iron Maiden,The Number Of The Beast,79,137,Number of the Beast,1982
127,AC/DC,You Shook Me All Night Long,104,196,Back 'n' Black,1980
128,Dire Straits,Money For Nothing,120,139,Brothers in Arms,1985
129,Iron Maiden,The Trooper,513,367,Piece of Mind,1983
130,Tool,Prison Sex,345,276,Undertow,1993
131,Rise Against,Hero Of War,522,592,Appeal to Reason,2008
132,NIrvana,Come As You Are,48,110,Nevermind,1991
133,Metallica,Battery,421,274,Master Of Puppets,1986
134,Soundgarden,Black Hole Sun,74,245,Superunknown,1994
135,Drowning Pool,Bodies,314,313,Sinner,2001
136,Pearl Jam,Jeremy,169,113,Ten,1991
137,Metallica,Orion,290,476,Master Of Puppets,1986
138,Black Sabbath,Iron Man,876,772,Paranoid,1970
139,Villainy,Give Up The Ghost,DEBUT,n/a,Deadsight,2015
140,Blacklistt,Home,764,83,Blacklistt,2013
141,Alice In Chains,Down In A Hole,245,366,Dirt,1992
142,Villainy,Ammunition,820,187,Mode. Set. Clear,2014
143,Megadeth,Symphony Of Destruction,247,371,Countdown to Extinction,1992
144,Villainy,No Future,DEBUT,n/a,Deadsight,2015
145,Metallica,Turn The Page,615,434,Garage Inc,1998
146,Nirvana,Lithium,125,152,Nevermind,1991
147,AC/DC,Dirty Deeds Done Dirt,415,331,Dirty Deeds Done Dirt Cheap,1976
148,Disturbed,Stupify,337,607,Down With The Sickness,2000
149,Led Zeppelin,Ramble On,24,54,Led Zeppelin II,1969
150,Skinny Hobos,Merchant Of Tirau,DEBUT,n/a,Single Only,2016
151,Alice Cooper,Poison,299,437,Trash,1989
152,Temple Of The Dog,Hunger Strike,142,138,Temple of the Dog,1991
153,Breaking Benjamin,So Cold,465,362,We Are Not Alone,2004
154,Queens Of The Stone Age,No One Knows,118,86,Songs for the Deaf,2002
155,Iron Maiden,Hallowed Be Thy Name,RE-ENTRY,n/a,The Number of the Best,1982
156,AC/DC,It's A Long Way To The Top (If You Wanna Rock N' Roll),173,280,T.N.T.,1975
157,Linkin Park,In The End,470,179,Hybrid Theory,1999
158,Guns N' Roses,Mr Brownstone,210,190,Appetite for Destruction,1987
159,Breaking Benjamin,The Diary Of Jane,518,257,Probia,2006
160,Pearl Jam,Even Flow,175,100,Ten,1991
161,Disturbed,Land Of Confusion,198,387,Ten Thousand Fists,2005
162,Awolnation,Sail,741,121,Megalithic Symphony,2011
163,Aerosmith,Dream On,117,122,Aerosmith,1973
164,Jimmy Barnes,Driving Wheels,407,577,Freight Train Heart,1987
165,Linkin Park,Numb,632,543,Meteora,2003
166,Def Leppard,Pour Some Sugar On Me,212,202,Hysteria,1987
167,Guns N' Roses,Patience,402,328,G N' R Lies,1988
168,Deftones,Change (In The House Of Flies),45,194,White Pony,2000
169,Pink Floyd,Another Brick In The Wall,88,221,The Wall,1979
170,Audioslave,Cochise,27,32,Audioslave,2002
171,AC/DC,T.N.T.,188,308,T.N.T.,1975
172,Slipknot,Psychosocial,DEBUT,,All Hope Is Gone,2008
173,Foo Fighters,Hey Johnny Park,106,636,The Colour and the Shape,1997
174,Papa Roach,Last Resort,84,324,Infest,2000
175,Radiohead,Creep,965,177,Core,1993
176,Megadeth,Holy Wars ...The Punishment Due,395,507,Rust in Piece,1990
177,Nirvana,Where Did You Sleep Last Night? (Unplugged),506,866,MTV Unplugged,1994
178,Pearl Jam,Release,249,756,Ten,1991
179,Ozzy Osbourne,Crazy Train,254,349,Blizzard of Oz,1980
180,Led Zeppelin,Black Dog,185,268,Led Zeppelin IV,1971
181,Arctic Monkeys,Do I Wanna Know,444,69,AM,2013
182,Disturbed,Another Way To Die,488,393,Asylum,2010
183,Blink 182,Bored To Death,DEBUT,n/a,California,2016
184,Metallica,Wherever I May Roam,238,281,Metallica (Black Album),1991
185,Disturbed,Ten Thousand Fists,DEBUT,n/a,Ten Thousand Fists,2005
186,Led Zeppelin,Whole Lotta Love,70,38,Led Zeppelin II,1970
187,Rage Against The Machine,Renegades Of Funk,429,683,Renegades,2000
188,Rise Against,Savior,305,169,Appeal To Reason,2008
189,Metallica,King Nothing,382,57,Load,1996
190,Cold Chisel,Flame Trees,556,779,Twentieth Century,1984
191,Foo Fighters,Something From Nothing,49,Debut,Sonic Highways,2014
192,Rise Against,People Live Here,DEBUT,,The Black Market,2014
193,INXS,Never Tear Us Apart,437,372,Kick,1987
194,Green Day,Jesus Of Suburbia,648,748,American Idiot,2004
195,Villainy,Gather Yourselves,796,450,"Mode, Set, Clear",2012
196,Bush,Glycerine,121,156,Sixteen Stone,1994
197,Rob Zombie,Dragula,460,425,Hellbilly Delux,1998
198,Green Day,American Idiot,312,491,American Idiot,2004
199,Foo Fighters,These Days,982,575,Wasting Light,2011
200,Metallica,Ride The Lightning,DEBUT,n/a,Ride the Lightning,1984
201,Red Hot Chili Peppers,Scar Tissue,304,431,Californication,1999
202,Guns N' Roses,Nightrain,376,591,Appetite for Destruction,1987
203,Guns N' Roses,Knockin' On Heaven's Door,239,564,Use Your Illusion II,1991
204,Audioslave,Like A Stone,46,106,Audioslave,2002
205,Villainy,The Answer,825,638,Single Only,2012
206,A Perfect Circle,Three Libras,453,335,Mer de Noms,2000
207,AC/DC,Whole Lotta Rosie,605,716,Let There Be Rock,1977
208,Metallica,Seek And Destroy,760,Debut,Kill 'Em All,1983
209,Halestorm,I Am The Fire,DEBUT,n/a,Into the Wild Life,2015
210,Pearl Jam,Given To Fly,366,356,Yield,1998
211,Stone Sour,Through Glass,978,814,Come What(ever) May,2006
212,Blindspott,S.U.I.T,DEBUT,n/a,Blindspott,2003
213,Stone Temple Pilots,Plush,140,71,Core,1992
214,Rise Against,Satellite,630,217,Endgame,2010
215,Pearl Jam,Elderly Woman Behind The Counter In A Small Town,128,173,vs.,1993
216,Rage Against The Machine,Bullet In The Head,794,Debut,Rage Against The Machine,1992
217,Iron Maiden,Wasted Years,167,351,Somewhere in Time,1986
218,Five Finger Death Punch,Remember Everything,DEBUT,n/a,American Capitalist,2011
219,Korn,Got The Life,119,578,Follow the Leader,1998
220,Green Day,Basket Case,225,322,Dookie,1994
221,Chevelle,The Red,976,648,wonder what's next,2002
222,David Bowie,Space Oddity,RE-ENTRY,n/a,David Bowie (self titled),1969
223,Ozzy Osbourne,No More Tears,59,292,No More Tears,1991
224,The White Stripes,Seven Nation Army,102,401,Elephant,2003
225,Shihad,Run,162,136,Pacifier,2002
226,Audioslave,Show Me How To Live,54,116,Audioslave,2002
227,Shihad,My Mind's Sedate,62,117,The General Electric,1999
228,Pink Floyd,Learning To Fly,551,182,A Momentary Lapse of Reason,1987
229,Nirvana,Heart Shaped Box,72,131,In Utero,1993
230,AC/DC,Let There Be Rock,197,168,Let There Be Rock,1977
231,Arctic Monkeys,Arabella,674,64,AM,2013
232,Metallica,Blackened,RE-ENTRY,n/a,…and Justice for All,1988
233,Foo Fighters,Walk,543,538,Back and Forth,2011
234,Stone Sour,Wicked Game,989,Debut,Come What (ever) May,2006
235,AC/DC,Shoot To Thrill,250,576,Back 'n' Black,1980
236,Muse,Reapers,55,Debut,Drones,2015
237,Iron Maiden,Can I Play With Madness,398,777,Seventh Son of a Seventh Son,1988
238,Queen / David Bowie,Under Pressure,216,294,Hot Space,1982
239,Korn,Coming Undone,892,Re-Entry,See You On The Otheside,2006
240,Jimi Hendrix,All Along The Watchtower,359,214,Electric Ladyland,1968
241,3 Doors Down,Kryptonite,112,483,The Better Life,2000
242,Black Sabbath,Black Sabbath,196,405,Black Sabbath,1970
243,Chevelle,Take Out The Gunman,479,19,La Gárgola,2014
244,The Rolling Stones,Paint It Black,373,67,Aftermath,1966
245,Royal Blood,Ten Tonne Skeleton,35,Debut,Royal Blood,2014
246,The Doors,Riders On The Storm,808,693,LA Woman,1971
247,Korn,Twisted Transistor,735,Re-Entry,See You On The Otherside,2005
248,Faith No More,Epic,68,126,The Real Thing,1989
249,Tool,H,307,Re-Entry,Aenima,1996
250,Smashing Pumpkins,Bullet With Butterfly Wings,32,51,Mellon Collie & the Infinate Sadness,1995
251,Guns N' Roses,You Could Be Mine,258,409,Use Your Illusion II,1991
252,Ozzy Osbourne,Mama I'M Coming Home,94,174,No More Tears,1991
253,Creedence Clearwater Revival,Have You Ever Seen The Rain,707,Debut,Pendulum,1970
254,Stone Temple Pilots,Wicked Garden,RE-ENTRY,n/a,Core,1992
255,Black Sabbath,N.I.B.,214,419,Black Sabbath,1970
256,Kaleo,No Good,DEBUT,n/a,A/B,2016
257,Halestorm,I Miss The Misery,405,Re-Entry,The Strange Case Of…,2012
258,Metallica,Hero Of The Day,523,662,Load,1996
259,Jimmy Barnes,Lay Down Your Guns,371,132,Two Fires,1990
260,Chris Cornell,Nearly Forgot My Broken Heart,DEBUT,n/a,HIgher Truth,2015
261,Ozzy Osbourne,See You On The Other Side,262,475,Ozzmosis,1995
262,Deftones,Passenger,RE-ENTRY,n/a,White Pony,2000
263,Lynyrd Skynyrd,Simple Man,RE-ENTRY,n/a,Almost Famous,1973
264,Rage Against The Machine,Guerilla Radio,132,185,Battle Of Los Angeles,1993
265,Red Hot Chili Peppers,Can't Stop,874,Re-Entry,By The Way,2002
266,Chris Cornell,Thank You,DEBUT,955,Songbook,2011
267,Deep Purple,Smoke On The Water,56,207,Machine Head,1972
268,Wolfmother,The Joker And The Thief,127,175,Wolfmother,2006
269,Foo Fighters,Times Like These,300,120,One By One,2002
270,Young The Giant,Something To Believe In,DEBUT,n/a,Home of the Strange,2016
271,Linkin Park,One Step Closer,260,368,Hybrid Theory,1999
272,Led Zeppelin,Immigrant Song,103,306,Led Zeppelin III,1970
273,Guns N' Roses,Don'T Cry,386,314,Use Your Illusion I,1991
274,Linkin Park,Bleed It Out,923,894,Minutes to Midnight,2007
275,Disturbed,The Light,RE-ENTRY,n/a,Immortilized,2015
276,Oasis,Wonderwall,263,632,(What's the Story) Morning Glory?,1995
277,Sublime,What I Got,281,73,Sublime,1996
278,Disturbed,Prayer,329,84,Believe,2002
279,Kansas,Carry On Wayward Son,417,180,Leftoverture,1976
280,Metallica,Harvester Of Sorrow,946,n/a,…and Justice for All,1988
281,Muse,Knights Of Cydonia,436,319,Blackholes…,2006
282,Disturbed,Indestructible,RE-ENTRY,n/a,Indestructible,2008
283,Steve Earle,Copperhead Road,336,98,Copperhead Road,1988
284,Villainy,Another Time,,930,Mode. Set. Clear,2013
285,I Am Giant,City Limits,678,375,Single Only,2010
286,Iron Maiden,2 Minutes To Midnight,780,315,Powerslave,1984
287,Linkin Park,Crawling,365,254,Hydrid Theory,1999
288,Stone Sour,Bother,509,661,Stone Sour,2002
289,Marilyn Manson,The Mephistopheles Of Los Angeles,186,Debut,The Pale Emperor,2015
290,Rage Against The Machine,Testify,232,427,The battle of Los Angeles,2000
291,Lynyrd Skynyrd,Tuesday's Gone,RE-ENTRY,n/a,Pronounced Leh-nerd Skin-nerd,1973
292,System Of A Down,Spiders,538,712,System of a Down,1998
293,Disturbed,The Vengeful One,DEBUT,n/a,Imortalized,2015
294,Queens Of The Stone Age,Smooth Sailing,264,231,Like Clockwork,2013
295,Pearl Jam,State Of Love And Trust,320,333,Single Only,2004
296,Shihad,Think You're So Free,896,79,FVEY,2014
297,Red Hot Chili Peppers,Otherside,355,596,Californication,1999
298,Tom Petty,Mary Jane'S Last Dance,487,297,Greatest Hits,1993
299,Royal Blood,Little Monster,69,99,Royal Blood,2014
300,Setting Fire To Stacey,No Way Out,DEBUT,n/a,Love and War,2015
301,Black Sabbath,Heaven And Hell,RE-ENTRY,n/a,Heaven and Hell,1980
302,Shinedown,Asking For It,DEBUT,n/a,Threat to Survival,2015
303,Smashing Pumpkins,1979,227,76,Mellon Collie & the Infinate Sadness,1995
304,Metallica,The Memory Remains,486,92,Re-Load,1997
305,Shihad,You Again,440,213,Killjoy,1995
306,Blink 182,Adam's Song,347,983,Riptide,1986
307,Metallica,Until It Sleeps,293,243,Load,1996
308,Shinedown,The Sound Of Madness,DEBUT,,The Sound of Madness,2008
309,Bon Jovi,Wanted Dead Or Alive,265,184,Slippery When Wet,1986
310,Metallica,The Day That Never Comes,RE-ENTRY,,The Day Never Comes,2008
311,Pink Floyd,Money,560,670,The Dark Side of the Moon,1973
312,Nirvana,Rape Me,389,237,In Utero,1993
313,Pearl Jam,Garden,DEBUT,n/a,Ten,1991
314,City Of Souls,Sleep,DEBUT,n/a,Single Only,2015
315,Blacklistt,From The Blind Spot,555,326,Blacklistt,2011
316,Motley Crue,Kickstart My Heart,267,142,Dr. Feelgood,1989
317,Godsmack,I Stand Alone,967,833,The Scorpion King Soundtrack,2002
318,Blink 182,What's My Age Again?,733,506,Enema of the State,1999
319,Avenged Sevenfold,This Means War,653,764,Hail To The King,2013
320,AC/DC,Who Made Who,557,149,Who Made Who,1986
321,Bryan Adams,Summer Of '69,78,400,Reckless,1984
322,Blindspott,Yours Truly,574,402,End the Silence,2005
323,Crowded House,Weather With You,RE-ENTRY,n/a,Woodface,1991
324,Smashing Pumpkins,"Tonight, Tonight",636,821,Mellon Collie & the Infinate Sadness,1995
325,Foo Fighters,Wheels,917,913,Single Only,2009
326,Megadeth,Peace Sells But Who's Buying,RE-ENTRY,n/a,Peace Sells But Who's Buying,1986
327,Weezer,Say It Ain't So,357,119,Weezer (The Blue Album),1994
328,The Pretty Reckless,Make Me Wanna Die,,977,The Pretty Reckless EP,2010
329,Candlebox,Far Behind,566,107,Candlebox,1993
330,Seether,Fake It,596,715,Finding Beauty in Negative Spaces,2007
331,Metallica,The Outlaw Torn,335,357,Load,1996
332,Red Hot Chili Peppers,Soul To Squeeze,298,376,Blood Sugar Sex Magik,1991
333,Faith No More,Easy,565,763,King For A Day Fool For A Lifetime,1995
334,Pearl Jam,Rearviewmirror,777,458,vs.,1993
335,Dragon,Rain,228,451,Body and the Beat,1984
336,Pearl Jam,Nothingman,280,267,Vitalogy,1994
337,The Offspring,Self Esteem,147,227,Smash,1994
338,Pink Floyd,On The Turning Away,255,492,A Momentary Lapse of Reason,1987
339,Audioslave,I Am The Highway,179,337,Audioslave,2002
340,Mudvayne,Happy,516,438,Lost and Found,2005
341,Black Sabbath,God Is Dead,991,818,13,2013
342,Faith No More,Last Cup Of Sorrow,170,269,Album of the Year,1997
343,Foo Fighters,Let It Die,189,89,"Echoes, Silence, Patience & Grace",2007
344,David Bowie,Heros,RE-ENTRY,n/a,Heroes,1977
345,Nirvana,In Bloom,58,40,Nevermind,1991
346,Three Days Grace,I Hate Everything About You,RE-ENTRY,n/a,Three Days Grace,1993
347,Led Zeppelin,Dazed And Confused,341,486,Led Zeppelin,1969
348,Shinedown,Diamond Eyes (Boom-Lay Bom-Lay Boom),RE-ENTRY,755,Expendables Soundtrack,2010
349,Slipknot,Dead Memories,DEBUT,,All Hope Is Gone,2008
350,The Strypes,A Good Nights Sleep And A Cab Fare Home,DEBUT,n/a,Little Victoires,2015
351,Skid Row,18 And Life,572,574,Skid Row,1989
352,Blink 182,All The Small Things,274,334,Enema of the State,1999
353,Metallica,Tuesday's Gone,520,795,Garage Inc,1998
354,Nine Inch Nails,The Hand That Feeds,401,379,With Teeth,2005
355,Jimmy Barnes,Good Times,457,705,Listen Like Thieves,1985
356,Disturbed,Stricken,RE-ENTRY,n/a,Ten Thousand Fists,2005
357,Green Day,Wake Me Up When September Ends,671,460,American Idiot,2004
358,Smashing Pumpkins,Today,108,343,Siamese Dream,1993
359,Arctic Monkeys,Why'd You Only Call Me When You're High?,253,455,AM,2013
360,System Of A Down,Lonely Day,135,514,Hypnotize,2005
361,Blindspott,Room To Breathe,719,631,Blindspott,2001
362,Queens Of The Stone Age,Make It Wit Chu,928,959,Over the Years and Through the Woods,2005
363,Jimmy Eat World,The Middle,939,,Bleed American,2001
364,Pearl Jam,Last Kiss,124,198,Lost Dogs,1999
365,Bob Dylan,Hurricane,278,500,Desire,1975
366,Goo Goo Dolls,Iris,RE-ENTRY,n/a,City of Angels: Music from the Motion Picture,1998
367,Stone Temple Pilots,Interstate Love Song,109,48,Purple,1994
368,Foo Fighters,Generator,139,111,There Is Nothing Left To Lose,1999
369,Sound City,From Can To Can't,468,797,Sound City,2013
370,AC/DC,Jailbreak,392,459,Dirty Deeds Done Dirt Cheap,1976
371,Arctic Monkeys,I Bet That You Look Good On The Dancefloor,608,91,Whatever people say i am that's what i'm not,2006
372,Metallica,All Nightmare Long,DEBUT,,Death Magnetic,2008
373,Smashing Pumpkins,Cherub Rock,426,78,Siamese Dream,1993
374,Spiderbait,Black Betty,47,219,Tonight Alright,2004
375,Highly Suspect,Claudeland,DEBUT,,MIster Asylum,2015
376,Muse,Bliss,DEBUT,,Origin Of Symmetry,2001
377,Living Colour,Cult Of Personality,RE-ENTRY,973,Vivid,1988
378,Sublime,Wrong Way,154,275,Sublime,1996
379,Silverchair,Tomorrow,111,623,Frogstomp,1994
380,A Perfect Circle,The Outsider,859,Debut,Thirteenth Step,2003
381,Pink Floyd,Time,499,344,The Dark Side of the Moon,1973
382,Marilyn Manson,Sweet Dreams,524,473,Smells Like Children,1995
383,Australian Crawl,Reckless,567,Re-Entry,Semantics (EP),1983
384,The Killers,Mr Brightside,701,656,Hot Fuss,2004
385,Queensryche,Silent Lucidity,577,432,Empire,1990
386,AC/DC,Moneytalks,626,546,The Razor's Edge,1990
387,Rob Zombie,Living Dead Girl,374,399,Hellbilly Deluxe,1998
388,Staind,It'S Been A While,391,433,Break the Cycle,2001
389,Disturbed,Inside The Fire,455,248,Indestructable,2008
390,The Beatles,Get Back,839,584,Let it Be,1970
391,Queens Of The Stone Age,Go With The Flow,163,323,Songs for the Deaf,2002
392,David Bowie,Life On Mars,RE-ENTRY,n/a,Hunky Dorie,1971
393,Pennywise,Bro Hymmn,500,Re-Entry,Pennywise,1991
394,Red Hot Chili Peppers,By The Way,364,241,Californication,1999
395,Faith No More,Ashes To Ashes,349,201,Album of the Year,1997
396,The Who,Baba O'Reilly,539,783,Who's Next?,1971
397,Head Like A Hole,Glory Glory,RE-ENTRY,808,Bloody Will Out,2011
398,AC/DC,Are You Ready,252,63,The Razor's Edge,1990
399,Red Hot Chili Peppers,Dani California,123,236,Stadium Arcadium,2006
400,Nirvana,You Know You'Re Right,709,841,Nirvana,2002
401,Cold Chisel,When The War Is Over,RE-ENTRY,n/a,Circus Animals,1982
402,Foo Fighters,The Neverending Sigh,DEBUT,n/a,Saint Cecilia,2015
403,Lynyrd Skynyrd,Sweet Home Alabama,235,665,second helping,1974
404,Marilyn Manson,Tainted Love,492,Re-Entry,The Golden Age of Grotesque,2001
405,Shinedown,State Of My Head,DEBUT,n/a,Threat to Survival,2015
406,Guns N' Roses,My Michelle,472,353,Appetite for Destruction,1987
407,The Offspring,I Choose,730,649,Ixnay on the Hombre,1997
408,The Black Crowes,She Talks To Angels,882,325,Shake Your Money Maker,1990
409,Royal Blood,Out Of The Black,148,360,Royal Blood,2014
410,Seether,Nobody Praying For Me,657,Debut,Isolate and Medicate,2014
411,George Thorogood,"One Bourbon, One Scotch, One Beer",614,260,Gerorge Thorogood & the Destroyers,1977
412,I Am Giant,Neon Sunrise,903,502,Single Only,2010
413,Nirvana,Lake Of Fire,344,309,MTV Unplugged,1994
414,Korn,Falling Away From Me,812,922,Issues,1999
415,Soundgarden,Jesus Christ Pose,266,643,Badmotorfinger,1991
416,Queens Of The Stone Age,I Sat By The Ocean,649,540,Like Clockwork,2013
417,Incubus,I Wish You Were Here,623,613,Morning View,2001
418,Collective Soul,December,276,424,Collective Soul,1995
419,Evanescence,Bring Me To Life,379,730,Fallen,2003
420,Midnight Oil,Beds Are Burning,210,212,Diesel & Dust,1987
421,Metallica,"Die, Die My Darling",547,565,Garage Inc,1998
422,Seether,Careless Whisper,443,672,Finding Beauty in Negative Spaces,2007
423,Blur,Song 2,663,848,Blur,1997
424,Meat Loaf,Paradise By The Dashboard Light,RE-ENTRY,n/a,Bat Out Of Hell,1977
425,Arctic Monkeys,R U Mine?,962,Debut,AM,2012
426,Faith No More,Midlife Crisis,237,751,Angel Dust,1992
427,Def Leppard,Hysteria,RE-ENTRY,n/a,Hysteria,1987
428,Foo Fighters,Rope,182,283,Back and Forth,2011
429,Dio,Holy Diver,665,590,Holy Diver,1983
430,Rage Against The Machine,How Could I Just Kill A Man,527,Debut,Renegades,2000
431,Bruce Springsteen,Born In The U.S.A.,308,426,Born in the U.S.A.,1984
432,Shinedown,Black Cadillac,DEBUT,n/a,Threat to Survival,2015
433,Johnny Cash,God's Gonna Cut You Down,DEBUT,n/a,American V: A Hundred Highways,2003
434,Foo Fighters,Baker Steet,311,464,Non-album single,1998
435,Seether,Words As Weapons,618,144,Isolate and Medicate,2014
436,Exponents,Why Does Love (Do This To Me),110,170,Something Beginning with C,1992
437,Nirvana,The Man Who Sold The World (MTV Plugged),515,193,MTV Unplugged,1994
438,Faith No More,We Care A Lot,571,Re-Entry,We Care A Lot,1985
439,Queen,We Will Rock You,40,61,News of the Wolrd,1977
440,The Cranberries,Zombie,930,997,Ode to my Family,1994
441,Muse,Plug In Baby,195,211,Origin of Symmetry,2001
442,Incubus,Pardon Me,442,251,Make Yourself,2000
443,The Presidents Of The USA,Peaches,925,986,Presidents Of The USA,1995
444,Limp Bizkit,Rollin',815,Re-Entry,Chocolate Starfish And The Hotdog Flavoured Water,2000
445,Marilyn Manson,Mobscene,823,522,The Golden Age of Grotesque,2003
446,The Struts,Kiss This,DEBUT,n/a,Everybody Wants,2014
447,Pink Floyd,Hey You,819,940,The Wall,1979
448,Royal Blood,Figure It Out,372,816,Royal Blood,2014
449,AC/DC,High Voltage,363,554,High Voltage,1975
450,Chevelle,Face To The Floor,778,264,Hats Off To The Bull,2012
451,ZZ Top,Gimme All Your Lovin',789,321,Eliminator,1983
452,Red Hot Chili Peppers,Give It Away,171,148,Blood Sugar Sex Magik,1991
453,Cold Chisel,Forever Now,RE-ENTRY,938,Circus Animals,1982
454,Fleetwood Mac,Go Your Own Way,DEBUT,n/a,Rumours,1976
455,Blink 182,Dammit,206,474,Dude Ranch,1997
456,Kenny Wayne Shepherd Band,Blue On Black,313,133,Ledbetter Heights,1995
457,Green Day,Boulevard Of Broken Dreams,368,726,American Idiot,2004
458,Motley Crue,Dr. Feelgood,354,87,Dr. Feelgood,1989
459,Oasis,Champagne Supernova,81,291,(What's the Story) Morning Glory?,1995
460,Soundgarden,Burden In My Hand,138,44,Down on the Upside,1996
461,Chris Cornell,Billie Jean (Acoustic),495,285,Carry On,2007
462,Kid Rock,Bawitdaba,792,167,Devil Without A Cause,1998
463,Pearl Jam,Corduroy,153,679,Vitalogy,1994
464,Chris Cornell,You Know My Name,DEBUT,n/a,Carry On,2007
465,Metallica,The Unforgiven III,DEBUT,,Death Magnetic,2008
466,Rage Against The Machine,Take The Power Back,DEBUT,,Rage Against The Machine,1991
467,AC/DC,The Jack,483,382,T.N.T.,1975
468,Korn,Word Up,416,600,Single Only,2004
469,Queens Of The Stone Age,The Lost Art Of Keeping A Secret,478,629,Rated R,2000
470,Halestorm,Love Bites (So Do I),RE-ENTRY,n/a,The Strange Case Of,2012
471,The Doors,Roadhouse Blues,537,428,Morrison Hotel,1970
472,Seether,Rise Above This,RE-ENTRY,,Finding Beauty in Negitive Spaces,2008
473,The Doors,L.A. Woman,RE-ENTRY,n/a,The Doors,1971
474,Bruce Springsteen,Glory Days,851,481,Born in the U.S.A.,1984
475,Hunters And Collectors,Holy Grail,257,145,Cut,1992
476,Green Day,Good Riddance (Time Of Your Life),201,240,Nimrod,1997
477,Marilyn Manson,I Don't Like The Drugs,467,200,Mechanical Animals,1998
478,Velvet Revolver,Slither,553,504,Contraband,2001
479,Bon Jovi,Blaze Of Glory,413,242,Blaze of Glory,1990
480,Blindspott,Blank,DEBUT,n/a,Blindspott,2003
481,Weta,Calling On,RE-ENTRY,850,Geographica,2000
482,The Verve,Bitter Sweet Symphony,211,521,Urban Hymns,1997
483,Linkin Park,Somewhere I Belong,449,215,Meteora,2003
484,Metallica,When A Blind Man Cries,831,810,A Tribute To Deep Purple's Machinehead,2012
485,Soundgarden,Spoonman,42,140,Superunknown,1994
486,Muse,Supermassive Blackhole,246,650,Blackholes and Revelations,2006
487,Deftones,Tempest,818,516,Koi No Yokan,2012
488,Jimi Hendrix,Voodoo Child (Slight Return),490,258,Electric Ladyland,1968
489,Aerosmith,Sweet Emotion,352,442,Toys in the Attic,1975
490,Marilyn Manson,The Dope Show,414,Re-Entry,Mechanical Animals,1998
491,Billy Idol,Rebel Yell,191,312,Rebel Yell,1983
492,The Black Crowes,Remedy,826,725,The Southern Harmony and Musical Companion,1992
493,Imagine Dragons,Radioactive,939,557,Night Visions,2012
494,Danzig,Mother,870,461,The Wall,1979
495,3 Doors Down,Loser,661,Re-Entry,The Better Life,2000
496,Don McLean,American Pie,DEBUT,n/a,American Pie,1971
497,Queens Of The Stone Age,Little Sister,309,Re-Entry,Lullabies to Paralyze,2005
498,Soundgarden,Outshined,159,633,Badmotorfinger,1991
499,Foo Fighters,Saint Cecila,DEBUT,n/a,EP,2015
500,Icehouse,Great Southern Land,131,653,Primitive Man,1982
501,Seether,Fine Again,762,Re-Entry,Disclaimer,2002
502,Halestorm,I Get Off,RE-ENTRY,956,Halestorm,2009
503,Tom Petty,Free Fallin',129,188,Full Moon Fever,1989
504,Halestorm,Amen,695,Debut,Into The Wild Life,2015
505,Bryan Adams,Cuts Like A Knife,942,766,Cuts like a Knife,1983
506,Deftones,Digital Bath,RE-ENTRY,n/a,White Pony,2000
507,Silverchair,Anthem For The Year 2000,396,Re-Entry,Neon Ballroom,1999
508,Red Hot Chili Peppers,Around The World,160,85,Californication,1999
509,Soundgarden,Blow Up The Outside World,190,205,Superunknown,1994
510,Cold Chisel,Cheap Wine,430,223,Cold Chisel,1978
511,Incubus,Dig,579,390,Light Grenades,2006
512,Foo Fighters,D.O.A.,204,373,In Your Honor,2005
513,The Offspring,Come Out And Play,489,370,Smash,1994
514,Nirvana,Aneurysm,DEBUT,,Live at Reading,2009
515,Linkin Park,Breaking The Habit,540,487,Meteora,2003
516,Red Hot Chili Peppers,Suck My Kiss,67,93,Blood Sugar Sex Magik,1991
517,Black Sabbath,Snowblind,RE-ENTRY,n/a,Black Sabbath Volume 4,1972
518,Rage Against The Machine,Wake Up,317,Re-Entry,Rage Against the Machine,1992
519,The Doors,The End,RE-ENTRY,n/a,The Doors,1967
520,The Rolling Stones,Sympathy For The Devil,716,191,Beggers Banquet,1968
521,Kings Of Leon,Sex On Fire,346,259,Only By The Night,2009
522,Motorhead,Overkill,DEBUT,n/a,Overkill,1979
523,Guns N' Roses,Live And Let Die,496,676,Use Your Illusion I,1991
524,Royal Blood,Loose Change,DEBUT,n/a,Royal Blood,2014
525,Peter Gabrial,Sledgehammer,497,374,So,1985
526,Nirvana,Lounge Act,DEBUT,,Nevermind,1991
527,Korn,Narcissistic Cannibal,RE-ENTRY,n/a,The Path of Totallity,2011
528,INXS,New Sensation,369,303,Kick,1987
529,Disturbed,Shout (2000),534,902,The sickness,2000
530,Pearl Jam,Sirens,RE-ENTRY,740,Lightning Bolt,2013
531,Dire Straits,Romeo And Juliet,RE-ENTRY,n/a,Making Movies,1990
532,Seether,Same Damn Life,885,Debut,Isolate And Medicate,2014
533,Jimi Hendrix,Hey Joe,441,617,Are You Experienced?,1967
534,Faith No More,Evidence,292,210,King For A Day Fool For A Lifetime,1995
535,Nickelback,How You Remind Me,887,801,Sliver Side Up,2001
536,Tenacious D,Tribute,979,992,Tenacious D,2001
537,Pink Floyd,Have A Cigar,RE-ENTRY,n/a,Wish You Were Here,1975
538,Filter,"Hey Man, Nice Shot",52,253,Short Bus,1995
539,Soundgarden,Fell On Black Days,149,261,Superunknown,1994
540,Radiohead,Fake Plastic Trees,380,234,The Bends,1995
541,Stone Temple Pilots,Heaven and Hotrods,DEBUT,n/a,Number 4,1999
542,Stone Temple Pilots,Dead And Bloated,620,302,Core,1992
543,Halestorm,Apocalyptic,DEBUT,n/a,Into the Wild Life,2015
544,Fuel,Jesus Or A Gun,687,694,sunburn,1999
545,Nine Inch Nails,Closer,700,984,Downward Spiral,1994
546,Deep Purple,Child In Time,RE-ENTRY,n/a,Deep Purple In Rock,1970
547,Staind,Mudshovel,756,Debut,Dysfunction,1999
548,David Bowie,Cat People (Putting Out Fire),RE-ENTRY,n/a,Lets Dance,1983
549,Kid Rock,All Summer Long,RE-ENTRY,,Rock N Roll Jesus,2008
550,Kongos,Come With Me Now,664,396,Lunatic,2011
551,Nirvana,All Apologies,194,278,In Utero,1993
552,Pearl Jam,Dissident,233,165,vs.,1993
553,Stone Temple Pilots,Trippin' On A Hole In A Paper Heart,633,Re-Entry,Tiny Music..Songs From The Vatican Giftshop,1996
554,Thousand Foot Crutch,Untraveled Road,57,Debut,Oxygen: Inhale,2014
555,David Bowie,Ziggy Stardust,RE-ENTRY,n/a,Suffragette City,1976
556,Metallica,St. Anger,RE-ENTRY,n/a,St Anger,2003
557,Faith No More,Stripsearch,511,627,Album of the Year,1997
558,Oasis,What'S The Story Morning Glory?,491,378,(What's the Story) Morning Glory?,1995
559,Megadeth,Sweating Bullets,DEBUT,n/a,Countdown to Extinction,1993
560,Smashing Pumpkins,Zero,98,82,Mellon Collie & the Infinate Sadness,1995
561,Foo Fighters,Stacked Actors,448,286,There Is Nothing Left To Lose,1999
562,Steppenwolf,Born To Be Wild,675,919,Steppenwolf,1968
563,P.O.D.,Youth Of The Nation,857,774,Satellite,2001
564,Dire Straits,Walk Of Life,RE-ENTRY,700,Brothers In Arms,1985
565,Queen,We Are The Champions,80,384,News of the Wolrd,1977
566,The Black Keys,Little Black Submarines,948,827,El Camino,2011
567,Buckcherry,Lit Up,738,406,Buck Cherry,1999
568,White Zombie,More Human Than Human,477,467,Astro Creep: 2000,1995
569,Hunters And Collectors,Do You See What I See?,501,444,What's a few men,1987
570,Staind,Outside,277,204,Break the Cycle,2001
571,Alice In Chains,No Excuses,569,685,Jar of Flies,1994
572,Jimmy Barnes,No Second Prize,464,788,Bodyswerve,1984
573,Foo Fighters,Long Road To Ruin,526,448,"Echoes, Silence, Patience & Grace",2007
574,The Wallflowers,One Headlight,RE-ENTRY,,Bringing Down The Horse,1996
575,Linkin Park,Papercut,974,813,Hybrid Theory,2001
576,Nickelback,Photograph,927,Re-Entry,All The Right Reasons,1995
577,Sublime,Same In The End,836,Re-Entry,Sublime,1996
578,Radiohead,Paranoid Android,DEBUT,,OK Computer,1997
579,Poison,Every Rose Has It'S Thorn,545,528,Open up and say Ahh,1988
580,Shihad,Fvey,DEBUT,,FVEY,2014
581,Bruce Springsteen,The River,901,612,The River,1980
582,Elemeno P,Fast Times In Tahoe,652,901,Love & Disrespect,2002
583,The Cult,Fire Woman,587,728,Sonic Temple,1989
584,Head Like A Hole,I'm On Fire,RE-ENTRY,,"Blood On The Honky Tonk Floor, Best Of",2000
585,Metallica,I Disappear,223,320,Single Only,2000
586,Queens Of The Stone Age,Feel Good Hit Of The Summer,RE-ENTRY,,Rated R,2000
587,Black Label Society,Like A Bird,724,689,Alcohol Fueled Brewtality,2001
588,Trapt,Headstrong,754,Re-Entry,Trapt,2002
589,Skid Row,I Remember You,DEBUT,,Skid Row,1989
590,Bloodhound Gang,Fire Water Burn,RE-ENTRY,,One Fierce Beer Coaster,1996
591,Sevendust,Angels Son,158,279,Animosity,2001
592,Shihad,Comfort Me,203,329,Pacifier,2002
593,The Beatles,Come Together,387,75,Abbey Road,1969
594,Stone Sour,30/30-150,DEBUT,,Come What(ever) May,2006
595,Deftones,Diamond Eyes,RE-ENTRY,,Diamond Eyes,2010
596,Candlebox,Cover Me,559,316,Candlebox,1993
597,Deja Voodoo,Beers,DEBUT,,Brown Sabbath,2004
598,Shihad,Deb's Night Out,804,603,Killjoy,1995
599,Lita Ford / Ozzy Osbourne,Close My Eyes Forever,984,580,Lita,1988
600,Blue Oyster Cult,Don't Fear The Reaper,RE-ENTRY,,Agents Of Fortune,1976
601,Shihad,Alive,DEBUT,,Love Is The New Hate,2005
602,Puddle Of Mudd,Blurry,315,332,Come Clean,2001
603,Cold Chisel,Bow River,DEBUT,,Circus Animals,1982
604,Tadpole,Alright,RE-ENTRY,,The Buddhafinger,2000
605,Red Hot Chili Peppers,Zephyr Song,RE-ENTRY,,By The Way,2002
606,Sick Puppies,You're Going Down,RE-ENTRY,,Tri-Polar,2009
607,Red Hot Chili Peppers,Snow,RE-ENTRY,,Stadium Arcadium,2006
608,Steriogram,White Trash,RE-ENTRY,,Schmack!,2004
609,The Rolling Stones,Wild Horses,747,56,Sticky Fingers,1971
610,Australian Crawl,The Boys Light Up,645,153,The Boys Light Up,1980
611,Soundgarden,The Day I Tried To Live,97,407,Superunknown,1994
612,Skid Row,Youth Gone Wild,766,599,Skid Row,1989
613,Linkin Park,What I've Done,RE-ENTRY,,Minutes To Midnight,2007
614,Shihad,Wait And See,145,256,The General Electric,1999
615,Green Day,Welcome To Paradise,289,228,Dookie,1994
616,Dave Dobbyn,Loyal,911,484,Loyal,1988
617,Foo Fighters,Skin And Bones,RE-ENTRY,,Skin And Bones,2006
618,Pink Floyd,Mother,RE-ENTRY,,The Wall,1979
619,Green Day,Longview,521,717,Dookie,1994
620,Alice Cooper,School's Out,RE-ENTRY,,School's Out,1972
621,The Datsuns,Stuck Here For Days,RE-ENTRY,,Smoke & Mirrors,2006
622,Talking Heads,Psycho Killer,459,630,Talking Heads,1977
623,Smashing Pumpkins,Mayonaise,DEBUT,,Siamese Dream,1993
624,Silverchair,Pure Massacre,570,736,Frog Stomp,1994
625,Def Leppard,Love Bites,RE-ENTRY,,Hysteria,1987
626,Hinder,Lips Of An Angel,RE-ENTRY,,Extreme Behavior,2005
627,Marilyn Manson,Personal Jesus,502,589,Lest We Forget,2004
628,3 Doors Down,Here Without You,810,949,Away From The Sun,2002
629,Shihad,Everything,285,265,Pacifier,2002
630,Dropkick Murphys,I'm Shipping Up To Boston,871,Debut,The Warrior's Code,2005
631,Red Sun Rising,Emotionless,DEBUT,,Polyester Zeal,2015
632,AC/DC,If You Want Blood (You Got It),784,Debut,Highway To Hell,1979
633,Foo Fighters,I Should Have Known,473,858,Back and Forth,2011
634,Korn,Here To Stay,DEBUT,,Untouchables,2002
635,Twisted Sister,I Wanna Rock,161,166,Stay Hungry,1984
636,Alice In Chains,Heaven Beside You,463,403,Alice in Chains,1996
637,Fuel,Bad Day,744,570,Something Like Human,2000
638,Nine Inch Nails,Hurt,DEBUT,,The Downward Spiral,1994
639,Kings Of Leon,Beautiful War,842,714,Mechanical Bull,2013
640,Bush,Comedown,141,422,Sixteen Stone,1994
641,Beastie Boys,(You Gotta) Fight For Your Right (To Party),90,301,Licensed to Ill,1986
642,Smashing Pumpkins,Disarm,272,503,Siamese Dream,1993
643,Seether Ft. Amy Lee,Broken,644,789,Single Only,2004
644,Dragon,April Sun In Cuba,242,734,Running Free,1977
645,Cage The Elephant,Ain't No Rest For The Wicked,RE-ENTRY,,Cage The Elephant,2008
646,Iron Maiden,Aces High,DEBUT,,Powerslave,1984
647,Kings Of Leon,Closer,715,978,Only By The Night,2009
648,Candlebox,10000 Horses,RE-ENTRY,,Happy Pills,1998
649,Ben Harper,Ground On Down,192,172,Fight For Your Mind,1995
650,U2,Angel Of Harlem,934,680,Rattle & Hum,1988
651,Villainy,Dead Sight,DEBUT,,Dead Sight,2015
652,Billy Idol,White Wedding,802,563,Billy Idol,1982
653,Blindspott,Mind Dependency,DEBUT,,Blindspott,2003
654,Green Day,21 Guns,641,527,American Idiot,2004
655,Seven Mary Three,Cumbersome,226,208,Amercian Standard,1996
656,Bon Jovi,You Give Love A Bad Name,533,216,Slippery When Wet,1986
657,Smashing Pumpkins,Drum and Fife,286,Debut,Monuments to an Elegy,2015
658,AC/DC,Rock 'N' Roll Train,659,498,Black Ice,2008
659,Marilyn Manson,Tourniquet,DEBUT,,Antichrist Superstar,1996
660,The Fratellis,Chelsea Dagger,RE-ENTRY,,Costello Music,2006
661,Black Sabbath,Sweet Leaf,324,494,Master of Reality,1971
662,Alice In Chains,Dam That River,DEBUT,,Dirt,1992
663,Marilyn Manson,The Fight Song,RE-ENTRY,,Holy Wood (In the Shadow of the Valley of Death),2000
664,U2,Where The Streets Have No Name,757,449,The Joshua Tree,1987
665,Velvet Revolver,Fall To Pieces,136,327,Contraband,2004
666,Blink 182,The Rock Show,RE-ENTRY,,Take Off Your Pants And Jacket,2001
667,Live,The Dolphin's Cry,89,158,Distance To Hear,1999
668,Metallica,The Call Of Ktulu,DEBUT,,Ride the Lightning,1984
669,A Perfect Circle,The Hollow,DEBUT,,Mer De Noms,2000
670,Slash / Myles Kennedy,World On Fire,DEBUT,,World on Fire,2014
671,Creed,One Last Breath,RE-ENTRY,,Weathered,2001
672,Incubus,Megalomaniac,234,350,A Crow Left of the Murder,2003
673,R.E.M.,Losing My Religion,924,Re-Entry,Out Of Time,1991
674,The Doors,People Are Strange,RE-ENTRY,,American Pop,1981
675,Choir Boys,Run To Paradise,721,266,Big Bad Noise,1987
676,Like A Storm,Love The Way You Hate Me,DEBUT,,Awaken the Fire,2015
677,Counting Crows,Mr Jones,915,556,August and Everything After,1993
678,Foals,Mountain At My Gates,DEBUT,,What Went Down,2015
679,Beastie Boys,Sabotage,788,Debut,3 Communication,1994
680,Rage Against The Machine,Sleep Now In The Fire,RE-ENTRY,,The Battle of Los Angeles,1999
681,Oasis,Live Forever,779,618,Definitely Maybe,1994
682,Shinedown,Second Chance,813,Debut,The Sound Of Madness,2008
683,AC/DC,Rock Or Bust,863,Debut,Rock Or Bust,2014
684,ZZ Top,Sharp Dressed Man,759,980,Eliminator,1983
685,Limp Bizkit,My Generation,RE-ENTRY,,Chocolate Starfish And The Hotdog Flavoured Water,2000
686,Deep Purple,Highway Star,RE-ENTRY,,Machine Head,1972
687,I Am Giant,Purple Heart,340,443,The Horrifying Truth,2011
688,The Police,Roxanne,101,465,Outlandos d'Amour,1978
689,Deftones,Back To School,RE-ENTRY,,White Pony,2000
690,Led Zeppelin,Over The Hills And Far Away,RE-ENTRY,,The Song Remains the Same,1973
691,Blind Melon,No Rain,342,517,Blind Melon,1992
692,Guns N' Roses,I Used To Love Her,864,480,G N' R Lies,1988
693,Papa Roach,Forever,RE-ENTRY,,The Paramour Sessions,2006
694,Jimmy Barnes / Tina Turner,Simply The Best,DEBUT,,Single Only,1992
695,The Pixies,Where Is My Mind,805,Debut,Surfa Rosa,1988
696,Pink Floyd,High Hopes,RE-ENTRY,,The Division Bell,1994
697,Motley Crue,Home Sweet Home,RE-ENTRY,,Theatre of Pain,1985
698,Korn,Blind,DEBUT,,Korn,1994
699,Van Halen,Hot For Teacher,231,392,1984,1984
700,Fuel,Hemorrhage (In My Hands),514,249,Something Like Human,2000
701,Sex Pistols,God Save The Queen,RE-ENTRY,,"Never Mind the Bollocks, Here's the Sex Pistols",1977
702,ZZ Top,Legs,712,691,Eliminator,1983
703,Live,I Alone,230,192,Throwing Copper,1994
704,Rise Against,I Don't Wanna Be Here,DEBUT,,The Black Market,2014
705,Alice In Chains,I Stay Away,DEBUT,,Jar of Flies,1994
706,Bon Jovi,Bed Of Roses,209,,Diesel & Dust,1987
707,I Am Giant,Duality (Acoustic Cover),DEBUT,,Single Only,2010
708,Oasis,Don'T Look Back In Anger,428,342,(What's the Story) Morning Glory?,1995
709,Stone Temple Pilots,Crackerman,625,688,Core,1992
710,Megadeth,Almost Honest,601,870,Cryptic Writings,1997
711,Blacklistt,Burn,RE-ENTRY,,Blacklistt,2013
712,Sex Pistols,Anarchy In The U.K.,RE-ENTRY,,"Never Mind the Bollocks, Here's the Sex Pistols",1977
713,Bruce Springsteen,Born To Run,471,635,Born To Run,1975
714,Rise Against,Audience Of One,RE-ENTRY,,Appeal to Reason,2008
715,Queen,Another One Bites The Dust,193,282,The Game,1980
716,Everlast,Black Jesus,954,812,Eat at Whitey's,2000
717,Judas Priest,Breaking The Law,DEBUT,,British Steel,1980
718,Green Day,Hitchin' A Ride,607,776,Nimrod,1997
719,Devilskin,Elvis Presley Circle Pit,DEBUT,,We Rise,2014
720,The Rolling Stones,Angie,261,151,Goats Head Soup,1973
721,Green Day,Brain Stew,582,610,Insomniac,1996
722,Steve Miller Band,The Joker,RE-ENTRY,,The Joker,1973
723,Filter,Take A Picture,259,224,Title of Record,1999
724,Bachman Turner Overdrive,You Ain't Seen Nothing Yet,729,719,Not Fragile,1974
725,Push Push,Trippin',DEBUT,,A Trillion Shades of Happy,1992
726,Weezer,El Scorcho,DEBUT,,Pinkerton,1996
727,Dave Dobbyn / Herbs,Slice Of Heaven,221,59,Loyal,1988
728,Staind,So Far Away,512,Re-Entry,14 Shades Of Grey,2003
729,The Proclaimers,I'm Gonna Be (500 Miles),970,Debut,Sunshine on Leith,1988
730,White Zombie,Thunder Kiss '65,693,509,La Sexorcisto: The Devils Music Volume 1,1991
731,Good Charlotte,The Anthem,RE-ENTRY,,The Young And The Hopeless,2002
732,Nirvana,Territorial Pissings,DEBUT,,Nevermind,1991
733,Eagles,Desperado,DEBUT,,Desperado,1973
734,Clutch,The Mob Goes Wild,DEBUT,,Blast Tyrant,2004
735,Judas Priest,Turbo Lover,895,754,Turbo,1986
736,Headless Chickens,Cruise Control,DEBUT,,Body Blow,1991
737,Kings Of Leon,Use Somebody,383,352,Only By The Night,2009
738,Van Halen,Runnin' With The Devil,642,597,Van Halen,1978
739,Disturbed,The Animal,RE-ENTRY,,Asylum,2010
740,Queen,A Kind Of Magic,961,561,A Kind of Magic,1986
741,Blindspott,Lit Up,RE-ENTRY,,Blindspott,2003
742,Meat Loaf,You Took The Words Right Out Of My Mouth,RE-ENTRY,,Bat Out of Hell,1977
743,Bush,Machinehead,256,418,Sixteen Stone,1996
744,Live,Lakini'S Juice,666,385,Secret Samadhi,1997
745,Tom Petty,Runnin' Down A Dream,884,910,Full Moon Fever,1989
746,Iron Maiden,Running Free,412,595,Iron Maiden,1980
747,The Cult,She Sells Sanctuary,348,490,Love,1986
748,Soundgarden,Rusty Cage,275,397,Badmotorfinger,1991
749,Ozzy Osbourne,Perry Mason,RE-ENTRY,,Ozzmosis,1995
750,Alter Bridge,Rise Today,DEBUT,,Blackbird,2007
751,Stone Sour,Say You'll Haunt Me,RE-ENTRY,,Audio Secrecy,2010
752,Villainy,Sabotage,DEBUT,,Single Only,2013
753,Pearl Jam,Rats,288,445,vs.,1993
754,Godsmack,1000HP,DEBUT,,1000HP,2014
755,Whitesnake,Here I Go Again,180,72,Saints and Sinners,1982
756,Green Day,Holiday,332,497,American Idiot,2004
757,Halestorm,Freak Like Me,DEBUT,,The Strange Case of...,2012
758,Cold War Kids,First,827,Debut,Hold My Home,2015
759,Slash / Ian Astbury,Ghost,408,288,Slash,2010
760,Eagles,Life In The Fast Lane,RE-ENTRY,,Hotel California,1976
761,Nine Inch Nails,Every Day Is Exactly The Same,DEBUT,,With Teeth,2005
762,Linkin Park,Faint,786,Re-Entry,Meteora,2003
763,Bon Jovi,It'S My Life,RE-ENTRY,,Crush,2000
764,System Of A Down,Hypnotize,DEBUT,,Hypnotize,2005
765,The Pretty Reckless,Heaven Knows,RE-ENTRY,,Going To Hell,2014
766,John Lennon,Imagine,174,255,Imagine,1971
767,Muse,Hysteria,628,696,Absolution,2003
768,Pearl Jam,Immortality,133,225,Vitalogy,1994
769,ZZ Top,La Grange,RE-ENTRY,,Tres Hombres,1973
770,Red Hot Chili Peppers,Higher Ground,323,176,Mothers Milk,1989
771,The Offspring,Gone Away,706,667,Ixnay on the Hombre,1996
772,Bring Me The Horizon,Follow You,DEBUT,,That's The Spirit,2015
773,Pearl Jam,I Got Id,328,233,Single Only,1995
774,Nothing But Thieves,Itch,725,Debut,Nothing But Thieves,2015
775,Eddie Vedder,Hard Sun,635,616,Single Only,2009
776,Nirvana,About A Girl (MTV Unplugged),85,114,MTV Unplugged,1994
777,Denis Leary,Asshole,RE-ENTRY,,No Cure For Cancer,1994
778,Metallica,Don't Tread On Me,DEBUT,,Metallica (Black Album),1991
779,Shihad,Beautiful Machine,745,626,Beautiful Machine,2008
780,Creedence Clearwater Revival,Bad Moon Rising,955,Debut,Green River,1969
781,Metallica,Am I Evil,DEBUT,,Kill 'Em All,1983
782,Bon Jovi,Bad Medicine,589,729,New Jersey,1988
783,Foo Fighters,Breakout,44,189,There Is Nothing Left To Lose,1999
784,Nickelback,Burn It To The Ground,RE-ENTRY,,Dark Horse,2008
785,Foo Fighters,Bridge Burning,751,686,Wasting Light,2011
786,Kiss,Detroit Rock City,DEBUT,,Destroyer,1976
787,Mother Love Bone,Crown Of Thorns,DEBUT,,Apple,1990
788,Garbage,#1 Crush,DEBUT,,Garbage,1995
789,Kansas,Dust In The Wind,DEBUT,,Point Of Know Return,1977
790,Black River Drive,Bullet For Your Gun,RE-ENTRY,,Perfect Flaws,2010
791,Metallica,Bleeding Me,DEBUT,,Load,1996
792,Creedence Clearwater Revival,Lookin' Out My Backdoor,DEBUT,,Cosmo's Factory,1970
793,Metallica,Ain't My Bitch,302,415,Load,1996
794,Shihad,Bullitproof,199,583,Pacifier,2002
795,Stone Temple Pilots,Vasoline,326,197,Purple,1994
796,The Offspring,"You're Gonna Go Far, Kid",RE-ENTRY,,"Rise and Fall, Rage and Grace",2008
797,The Who,Who Are You?,529,674,Who Are You?,1978
798,Elemeno P,Verona,RE-ENTRY,,Love & Disrespect,2003
799,Fuel,Sunburn,905,806,Sunburn,1998
800,Scorpions,Wind Of Change,RE-ENTRY,,Crazy world,1990
801,The Rolling Stones,You Can't Always Get What You Want,907,161,Let It Bleed,1969
802,Limp Bizkit,Take A Look Around,578,471,Chocolate Starfish And The Hotdog Flavoured Water,2000
803,Aerosmith,I Don't Want To Miss A Thing,RE-ENTRY,,Single Only,1998
804,Lenny Kravitz,Fly Away,484,660,5,1998
805,Powerman 5000,When Worlds Collide,960,Re-Entry,Tonight TheStars Revolt,1999
806,Weezer,Thank God For Girls,DEBUT,,Weezer,2015
807,Red Sun Rising,The Otherside,797,Debut,Making Of Kings,2015
808,Twisted Sister,We're Not Gonna Take It,731,186,Stay Hungry,1984
809,Jane's Addiction,Been Caught Stealing,763,520,Ritual de lo Habitual,1990
810,Alice In Chains,Them Bones,995,Debut,Dirt,1992
811,Ben Harper,Faded,493,654,The will to live,1997
812,Soundgarden,My Wave,184,544,Superunknown,1994
813,David Bowie,Rebel Rebel,RE-ENTRY,,Diamond dogs,1974
814,Incubus,Nice To Know You,279,579,Morning View,2001
815,Santana & Rob Thomas,Smooth,RE-ENTRY,,Single Only,1999
816,Rise Against,Re-Education,458,354,Appeal To Reason,2008
817,Supergroove,Sitting Inside My Head,504,263,Traction,1994
818,Stone Sour,Digital (Did You Tell),DEBUT,,Audio Secrecy,2010
819,The Living End,Roll On,736,585,Roll on,2000
820,Pink Floyd,Run Like Hell,480,408,The Wall,1979
821,Placebo,Pure Morning,243,163,Without You I'm Nothing,1998
822,Neil Young,My My Hey Hey (Out Of The Blue),RE-ENTRY,,this notes for you,1968
823,Zodiac Mindwarp,Prime Mover,297,289,Tattooed Beat Mesiah,1988
824,Shihad,Sleepeater,RE-ENTRY,,ignite,2010
825,Supergroove,Scorpio Girls,146,290,Traction,1994
826,Stone Sour,Tired,DEBUT,,house of gold and bones pt 1,2012
827,Muse,Psycho,126,Debut,Drones,2015
828,J. Geils Band,Centerfold,219,135,Freeze Frame,1981
829,Limp Bizkit,Nookie,561,792,Significant Other,1999
830,Neil Young,Old Man,DEBUT,,Harvest,1972
831,Pop Evil,Footsteps,546,Debut,Up,2015
832,Van Halen,Panama,816,602,1984,1984
833,Motley Crue,Girls Girls Girls,591,103,Girls Girls Girls,1987
834,Placebo,"Every You, Every Me",RE-ENTRY,,without you i'm nothing,1998
835,I Am Giant,Let It Go,RE-ENTRY,,the horrifying truth,2011
836,Headless Chickens,George,RE-ENTRY,,greedy,1997
837,Evanescence,Going Under,505,865,Fallen,2003
838,Queen,I Want It All,548,239,The Miricle,1989
839,3 Doors Down,In The Dark,DEBUT,,us and the night,2016
840,Kiss,I Was Made For Loving You,291,537,Dynasty,1979
841,David Bowie,Let's Dance,DEBUT,,lets dance,1983
842,Darcy Clay,Jesus I Was Evil,RE-ENTRY,,Single Only,1997
843,INXS,I Need You Tonight,450,395,Kick,1987
844,Bush,Everything Zen,367,550,Sixteen Stone,1995
845,The Rolling Stones,Satisfaction,207,155,Out of Our Heads,1965
846,Pearl Jam,Just Breathe,RE-ENTRY,,backspacer,2009
847,Derek And The Dominos,Layla,573,Re-Entry,Layla And Other Assorted Love Songs,1970
848,The Cult,Edie (Ciao Baby),338,447,Sonic Temple,1989
849,My Chemical Romance,Famous Last Words,DEBUT,,The Black Parade,2006
850,I Am Giant,Kiss From A Ghost,946,Debut,Single Only,2015
851,Gaslight Anthem,Handwritten,RE-ENTRY,,Handwritten,2012
852,Silverchair,Israel's Son,611,771,Frogstomp,1995
853,Blink 182,I Miss You,RE-ENTRY,,blink 182,2003
854,Sixx A.M.,Life Is Beautiful,RE-ENTRY,,X Mas in Hell,2008
855,Eric Clapton,Cocaine,525,330,Slowhand,1977
856,Red Hot Chili Peppers,Aeroplane,115,162,One Hot Minute,1995
857,Audioslave,Be Yourself,481,429,Out of Exile,2005
858,Alice In Chains,Bleed The Freak,DEBUT,,facelift,1990
859,Def Leppard,Animal,750,412,Hysteria,1987
860,Stereophonics,Dakota,850,Re-Entry,Language.Sex.Violence.Other,2005
861,Bon Jovi,Always,DEBUT,,crossroad,1994
862,Chris Chaney,Distant Sun,283,416,He will have his way,2010
863,P.O.D.,Boom,563,711,Satellite,2001
864,Nirvana,Breed,370,645,Nevermind,1991
865,Incubus,Drive,327,246,Make Yourself,2000
866,Incubus,Are You In?,803,195,Morning View,2001
867,Queen,Somebody To Love,466,346,A Day at the Races,1976
868,Evanescence,Call Me When You're Sober,RE-ENTRY,,the open door,2006
869,U2,With Or Without You,868,552,The Joshua Tree,1987
870,4 Non Blondes,What's Up?,RE-ENTRY,,bigger better faster more,1992
871,Cake,The Distance,475,293,Fashion Nugget,1996
872,INXS,Suicide Blonde,651,Re-Entry,X,1990
873,Nickelback,Something In Your Mouth,RE-ENTRY,,dark horse,2008
874,The Exponents,I'll Say Goodbye (Even Though I'm Blue),DEBUT,,prayers be answered,1983
875,Jane's Addiction,Superhero,DEBUT,,strays,2003
876,Iggy Pop,The Passenger,DEBUT,,Lust For Life,1977
877,Seether,Weak,936,733,Isolate and Medicate,2014
878,Muse,Starlight,RE-ENTRY,,black holes and revelations,2006
879,Head Like A Hole,Wet Rubber,552,767,HLAH IV: Are You Gonna Kiss It or Shoot It?,1998
880,Queen,Tie Your Mother Down,775,697,A Day at the Races,1977
881,Green Day,When I Come Around,150,477,Dookie,1994
882,Seether,Tonight,RE-ENTRY,,holding onto strings better left to fray,2011
883,Collective Soul,Where The River Flows,590,551,Collective Soul,1995
884,Megadeth,Train Of Consequences,DEBUT,,Youthanaisa,1994
885,Blacklistt,Worth Fighting For,807,441,Blacklistt,2012
886,I Am Giant,Transmission,172,128,The Horrifying Truth,2014
887,Cold Chisel,You Got Nothing I Want,409,615,Circus Animals,1982
888,Muse,Uprising,809,786,The Resistance,2009
889,Weezer,Undone (The Sweater Song),229,305,Weezer (The Blue Album),1994
890,Sixx A.M.,Rise,DEBUT,,prayers for the dammed volume 1,2016
891,Muttonbirds,Nature,RE-ENTRY,,the mutton birds,1992
892,Nickelback,Rockstar,RE-ENTRY,,all the right reasons,2005
893,Scorpions,Rock You Like A Hurricane,244,637,Love at First Sting,1984
894,Rob Zombie,Superbeast,DEBUT,,hellabilly deluxe,1998
895,Fungi,She Can't Come In,DEBUT,,Single Only,2016
896,Pearl Jam,Once,853,953,Ten,1991
897,Creedence Clearwater Revival,Down On The Corner,DEBUT,,Willy & The Poor Boys,1969
898,Cypress Hill,Rise Up,RE-ENTRY,,rise up,2010
899,Led Zeppelin,Rock 'N' Roll,296,232,Led Zeppelin IV,1971
900,Butthole Surfers,Pepper,RE-ENTRY,,electriclarryland,1996
901,Green Day,Minority,RE-ENTRY,,warnign,2000
902,Queen,Killer Queen,RE-ENTRY,,Sheer Heart Attack,1974
903,Silverchair,Freak,530,Re-Entry,Freak Show,1997
904,Manchester Orchestra,I've Got Friends,RE-ENTRY,,mean everything to nothing,2009
905,John Farnham,The Voice,932,889,Whispering Jack,1986
906,30 Seconds To Mars,Kings And Queens,RE-ENTRY,,This Is War,2009
907,AC/DC,Heatseeker,419,252,Blow Up Your Video,1988
908,Shaman's Harvest,In Chains,DEBUT,,smokin hearts and broken gun,2014
909,Arctic Monkeys,Fake Tales Of San Francisco,DEBUT,,Whatever people say i am that's what i'm not,2006
910,30 Seconds To Mars,From Yesterday,DEBUT,,a beautiful life,2005
911,Bob Dylan,Jokerman,718,994,Infedels,1983
912,Ozzy Osbourne,Hellraiser,DEBUT,,No More Tears,1991
913,Tonic,If You Could Only See,RE-ENTRY,,lemon parade,1996
914,Faith No More,From Out Of Nowhere,165,130,The Real Thing,1989
915,Radiohead,Karma Police,606,439,Ok Computer,1997
916,Metallica,Hit The Lights,DEBUT,,Kill 'Em All,1982
917,Royal Tusk,Fever,DEBUT,,dealbreaker,2016
918,Phil Collins,In The Air Tonight,RE-ENTRY,,Face Value,1981
919,Faith No More,Falling To Pieces,241,318,The Real Thing,1989
920,INXS,Elegantly Wasted,420,622,Elegently Wasted,1997
921,Deja Voodoo,Can't Do (What I Wanna Do),DEBUT,,Back In Brown,2006
922,INXS,Kick,375,586,Kick,1987
923,Motorhead,Killed By Death,RE-ENTRY,,metal: a headbangers journey,1988
924,Lenny Kravitz,Are You Gonna Go My Way?,452,456,Are You Gonna Go My Way,1993
925,The Beatles,Helter Skelter,RE-ENTRY,,The Beatles,1968
926,Ozzy Osbourne,Bark At The Moon,743,628,Bark at the Moon,1983
927,Iron Maiden,Bring Your Daughter To The Slaughter,RE-ENTRY,,no prayer for the dying,1990
928,I Am Giant,And We'll Defy,RE-ENTRY,,the horrifying truth,2011
929,Supergroove,Can't Get Enough,404,338,Traction,1994
930,Weta,Let It Go,RE-ENTRY,,Single Only,2000
931,Ozzy Osbourne,Dreamer,DEBUT,,down to earth,2001
932,Metallica,Damage Inc,DEBUT,,Master Of Puppets,1986
933,Red Hot Chili Peppers,Breaking The Girl,447,499,Blood Sugar Sex Magik,1991
934,Superjesus,Gravity,723,Re-Entry,Jet Age,2000
935,Royal Blood,Careless,667,Debut,Royal Blood,2014
936,Th' Dudes,Be Mine Tonight,RE-ENTRY,,right first time,1979
937,Adelita's Way,Bad Reputation,DEBUT,,getaway,2016
938,INXS,Devil Inside,811,942,Kick,1987
939,Seether,Country Song,433,713,Holding on to Strings Better Left to Fray,2011
940,The Doors,Break On Through,476,647,The Doors,1967
941,Orgy,Blue Monday,DEBUT,,candyass,1998
942,Sublime,Doin' Time,519,775,Sublime,1997
943,Bruce Springsteen,Dancing In The Dark,RE-ENTRY,,Born in the U.S.A.,1984
944,Highly Suspect,Bath Salts,DEBUT,,MIster Asylum,2015
945,Ugly Kid Joe,Everything About You,714,Re-Entry,America's Least Wanted,1992
946,3 Doors Down,When I'm Gone,966,773,Away From the Sun,2002
947,Avenged Sevenfold,Welcome To The Family,DEBUT,,Nightmare,2010
948,Huey Lewis And The News,The Power Of Love,900,Debut,Back to the Future (Soundtrack),1985
949,Pearl Jam,Wishlist,RE-ENTRY,,yeild,1998
950,Jane's Addiction,The Mountain Song,RE-ENTRY,,nothings shocking,1988
951,Wheatus,Teenage Dirtbag,RE-ENTRY,,Wheatus,2000
952,Black River Drive,Wake Up,DEBUT,,Quicksand,2016
953,Crowded House,Chocolate Cake,RE-ENTRY,,woodface,1991
954,The Killers,When You Were Young,973,601,Sam's Town,2006
955,Dire Straits,So Far Away,DEBUT,,Brothers in Arms,1985
956,Jimmy Barnes,Sweat It Out,580,218,Heat,1993
957,Rage Against The Machine,No Shelter,985,Debut,Godzilla,1998
958,Franz Ferdinand,Take Me Out,DEBUT,,franz ferdinand,2004
959,Noiseworks,No Lies,855,Re-Entry,Noiseworks,1987
960,Mumford And Sons,The Wolf,DEBUT,,wilder mind,2015
961,Lenny Kravitz,Again,RE-ENTRY,,lenny,2001
962,Karnivool,Themata,DEBUT,,Karnivool,2005
963,Dave Dobbyn,Whaling,RE-ENTRY,,dave dobbyn,2000
964,Filter,Welcome To The Fold,DEBUT,,Title of Record,1999
965,U2,Sunday Bloody Sunday,822,707,War,1983
966,Seether,The Gift,RE-ENTRY,,Karma and effect,2005
967,Bruce Springsteen,Thunder Road,DEBUT,,Born To Run,1975
968,Stone Temple Pilots,Big Bang Baby,DEBUT,,Tiny Music..Songs From The Vatican Giftshop,1996
969,Incubus,Stellar,RE-ENTRY,,make yourself,1999
970,Airbourne,"Too Much, Too Young, Too Fast",RE-ENTRY,,runnin wild,2007
971,Biffy Clyro,Wolves Of Winter,DEBUT,,ellipsis,2016
972,Gary Moore,Still Got The Blues,485,798,Still Got The Blues,1990
973,Green Day,Working Class Hero,RE-ENTRY,,Instant Karma: The Amnesty International Campaign To Save Darfur,2009
974,The Exponents,Who Loves Who The Most,152,572,Something Beginning with C,1992
975,Slipknot,Wait And Bleed,DEBUT,,slipkont,1999
976,Incubus,Warning,790,Re-Entry,Morning View,2001
977,Linkin Park,Shadow Of The Day,RE-ENTRY,,minutes to midnight,2007
978,Prince,Purple Rain,DEBUT,,Album Of The Same Name,1984
979,Limp Bizkit,Break Stuff,RE-ENTRY,,significant other,1999
980,Creed,My Own Prison,576,761,My Own Prison,1997
981,The Datsuns,MF From Hell,DEBUT,,the datsuns,2002
982,INXS,Mystify,474,Re-Entry,Kick,1987
983,Spirit Animal,Regular World,DEBUT,,world war iv,2016
984,Three Days Grace,Never Too Late,DEBUT,,one - x,2006
985,Linkin Park,New Divide,RE-ENTRY,,Transformers,2009
986,Led Zeppelin,Misty Mountain Hop,RE-ENTRY,,the song remains the same,1971
987,Them Crooked Vultures,No One Loves Me And Neither Do I,DEBUT,,Them Crooked Vultures,2009
988,Huey Lewis and the News,Hip To Be Sqaure,DEBUT,,FORE!,1996
989,Devilskin,Pray,DEBUT,,Single Only,2016
990,Pearl Jam,Not For You,755,104,Vitalogy,1994
991,Five Finger Death Punch,Battle Born,DEBUT,,"The Wrong Side of Heaven and the Righteous Side of Hell, Volume 2",2013
992,Jimi Hendrix,Purple Haze,814,310,Are You Experienced?,1967
993,Foo Fighters,Resolve,613,446,In Your Honor,2005
994,U2,One Tree Hill,770,88,The Joshua Tree,1987
995,Rancid,Ruby Soho,RE-ENTRY,,and out come the wolves,1995
996,Mike & The Mechanics,Over My Shoulder,DEBUT,,Beggar on a Beach of Gold,1995
997,Shihad,One Will Hear The Other,RE-ENTRY,,Beautiful Machine,2008
998,Billy Talent,Rusted From The Rain,RE-ENTRY,,Billy Talent III,2009
999,Garbage,Only Happy When It Rains,830,698,Garbage,1995
1000,Everclear,Santa Monica,316,296,Sparkle & Fade,1995
1001,Alice Cooper,Only Women Bleed,RE-ENTRY,,Billy Talent III,1975
1002,DMA'S,Too Soon,DEBUT,,Hills End,2016
1003,Stone Temple Pilots,Sex Type Thing,711,Re-Entry,Core,1992
1004,Guns N' Roses,Out Ta Get Me,DEBUT,,Appetite for Destruction,1987
1005,These Four Walls,Passenger,DEBUT,,Living To Write The End,2016
1006,Fuel,Shimmer,694,573,Sunburn,1998
1007,Led Zeppelin,Good Times Bad Times,858,Re-Entry,Led Zeppelin,1969
1008,Alt-J,Left Hand Free,DEBUT,,This Is All Yours,2014
1009,Grinspoon,Chemical Heart,461,271,New Detention,2002
1010,Chevelle,Joyride (Omen),DEBUT,,The North Corridor,2016
1011,The White Stripes,Icky Thump,586,724,Icky Thump,2007
1012,Pearl Jam,In Hiding,222,127,Yield,1998
1013,The Checks,You and Me,943,666,Alice By The Moon,2009
1014,The Doors,Light My Fire,334,533,The Doors,1967
1015,Shihad,La La Land,295,171,Shihad (Fish Album),1996
1016,Aerosmith,Janie'S Got A Gun,287,410,Pump,1989
1017,Weta,Snapshot,RE-ENTRY,,Geographica,2000
1018,Tom Petty,Learning To Fly,634,515,Into the Great Wide Open,1991
1019,Creed,Higher,RE-ENTRY,,Human Clay,1999
1020,Alt-J,Every Other Freckle,DEBUT,,This Is All Yours,2014
1021,Tom Petty,Into The Great Wide Open,397,377,Into the Great Wide Open,1991
1022,Candlebox,Happy Pills,650,710,Happy pills,1998
1023,AC/DC,Girls Got Rhythm,DEBUT,,Highwway to Hell,1979
1024,Breaking Benjamin,I Will Not Bow,RE-ENTRY,,Dear Agony,2009
1025,Tom Petty,I Won't Back Down,986,896,Full Moon Fever,1996
1026,Weezer,Hash Pipe,236,Re-Entry,Weezer (The Green Album),2001
1027,Blacklistt,Always,RE-ENTRY,,Blacklistt,2013
1028,Warrant,Cherry Pie,609,765,Cherry Pie,1990
1029,Talking Heads,Burning Down The House,772,996,Speaking in Tounges,1983
1030,Royal Tusk,Curse The Weather,DEBUT,,Dealbreaker,2016
1031,Th' Dudes,Walking In Light,RE-ENTRY,,Where Are The Boys?,1979
1032,Slash / Myles Kennedy,Back From Cali,DEBUT,,Slash,2010
1033,Blind Melon,Change,787,914,Blind Melon,1992
1034,Thin Lizzy,The Boys Are Back In Town,640,762,Jailbreak,1976
1035,Rise Against,Blood To Bleed,DEBUT,,Siren Song of the Counter Culture,2014
1036,U2,Beautiful Day,RE-ENTRY,,All That You Can't Leave Behind,2000
1037,Breaking Benjamin,Blow Me Away,DEBUT,,Halo 2 Soundtrack,2004
1038,Green Day,East Jesus Nowhere,DEBUT,,American Idiot,2004
1039,The Angels,Am I Ever Gonna See Your Face Again?,RE-ENTRY,,The Angels,1977
1040,Goldfinger,99 Red Balloons,RE-ENTRY,,Stomping Ground,2000
1041,Def Leppard,Armageddon It,680,452,Hysteria,1987
1042,Men At Work,Down Under,322,299,Business as Usual,1981
1043,Tom Petty,American Girl,584,658,Tom Petty and the Heartbreakers,1977
1044,Puddle Of Mudd,Away From Me,913,Re-Entry,Life On Display,2003
1045,Led Zeppelin,D'yer mak'er,992,832,Houses of the Holy,1973
1046,Nirvana,Drain You,DEBUT,,This Is All Yours,2014
1047,Stone Temple Pilots,Big Empty,431,272,Purple,1994
1048,Audioslave,Doesn'T Remind Me,205,160,Out of Exile,2005
1049,Crowded House,Something So Strong,RE-ENTRY,,Crowded House,1987
1050,Seether,Driven Under,RE-ENTRY,,Disclaimer,2003
1051,Silverchair,Ana's Song (Open Fire),321,614,Neon Ballroom,1999
1052,Genesis,I Can't Dance,319,593,We Can't Dance,1991
1053,Foo Fighters,Big Me,423,105,Foo Fighters,1995
1054,Ugly Kid Joe,Cats In The Cradle,RE-ENTRY,,Americas Lesst Wanted,1992
1055,Aerosmith,Crazy,854,642,Get A Grip,1993
1056,Faith No More,A Small Victory,993,905,Angel Dust,1992
1057,Eddie Vedder,You've Got To Hide Your Love Away,DEBUT,,I AM SAM Soundtrack,2002
1058,Guns N' Roses,Yesterdays,881,Re-Entry,Use Your Illusion II,1991
1059,Jeff Healey Band,While My Guitar Gently Weeps,456,620,Hell To Pay,1990
1060,Nirvana,Something In The Way,RE-ENTRY,,Nevermind,1991
1061,Pop Evil,Take It All,DEBUT,,UP,2016
1062,Exponents,Victoria,977,820,Prayers Be Answered,1983
1063,Red Hot Chili Peppers,Tell Me Baby,619,611,Stadium Arcadium,2006
1064,Sevendust,Waffle,950,Re-Entry,Estate,1999
1065,Diesel,Tip Of My Tongue,531,709,Hepfidelity,1992
1066,Bring Me The Horizon,Throne,DEBUT,,That's The Spirit,2015
1067,Matchbox 20,Push,RE-ENTRY,,Yourself or Someone Like You,1996
1068,The Killers,Somebody Told Me,177,244,Hot Fuss,2004
1069,David Bowie,Young Americans,RE-ENTRY,,Young Americans,1975
1070,Alice In Chains,Voices,DEBUT,,The devil put dinosaurs here,2013
1071,Muttonbirds,Anchor Me,872,472,Salty,1993
1072,The Living End,West End Riot,852,720,The living end,1999
1073,Oasis,Supersonic,631,742,Definitely Maybe,1994
1074,Bloodhound Gang,The Bad Touch,RE-ENTRY,,Hooray For Boobies,1999
1075,Creed,With Arms Wide Open,RE-ENTRY,,Human Clay,1999
1076,Aerosmith,What It Takes,795,822,Pump,1989
1077,Ben Harper,Steal My Kisses,597,541,Burn to Shine,1999
1078,Everlast,What It'S Like,987,867,Whitey Ford Sings the Blues,1998
1079,Aerosmith,Walk This Way,284,386,Toys in the Attic,1975
1080,R.E.M.,The One I Love,889,Re-Entry,Document,1987
1081,The Verve Pipe,The Freshmen,517,790,Villains,1996
1082,Pearl Jam,Nothing As It Seems,RE-ENTRY,,Bianaural,2000
1083,R.E.M.,Orange Crush,806,Re-Entry,Green,1988
1084,Puddle Of Mudd,She Hates Me,435,Re-Entry,Come Clean,2001
1085,The Beatles,Lucy In The Sky With Diamonds,DEBUT,,Sgt. Peppers Lonely Hearts Club Band,1967
1086,Cake,Short Skirt Long Jacket,DEBUT,,Comfort Eagle,2001
1087,Foo Fighters,No Way Back,696,587,In Your Honor,2005
1088,Nirvana,Polly,DEBUT,,Nevermid,1991
1089,The Kooks,Naive,RE-ENTRY,,Inside/Outside,2006
1090,Crash Test Dummies,Mmm Mmm Mmm,918,Re-Entry,God Shuffled His Feet,1993
1091,Pearl Jam,Porch,DEBUT,,Ten,1991
1092,Bryan Adams,Heaven,DEBUT,,Reckless,1985
1093,Probot,Shake Your Blood,DEBUT,,Studio Album,2004
1094,The Clash,Rock The Casbah,RE-ENTRY,,Combat Rock,1982
1095,U2,One,268,304,Achtung Baby,1991
1096,Korn,Rotting In Vain,DEBUT,,Single Only,2016
1097,Crowded House,Mean To Me,740,Re-Entry,Mean To Me,1986
1098,Garbage,Push It,616,794,Version 2.0,1998
1099,I Am Giant,Razor Wire Reality,704,220,Science & Survival,2014
1100,The Verve,Lucky Man,656,702,Urban Hymns,1997
1101,Tom Petty,Refugee,RE-ENTRY,,Damn the Torpedoes,1979
1102,Collective Soul,Smashing young Man,RE-ENTRY,,Collective Soul,1995
1103,Alice Cooper,No More Mister Nice Guy,DEBUT,,Billion Dollar Babies,1973
1104,The Living End,Second Solution,DEBUT,,EP,1997
1105,Seether,Remedy,410,646,Karma And Effect,2005
1106,Radiohead,High And Dry,742,907,The Bends,1995
1107,Creed,My Sacrifice,RE-ENTRY,,Weathered,2001
1108,Finger Eleven,Good Times,690,749,Finger eleven,2003
1109,Aerosmith,Love In An Elevator,270,129,Pump,1989
1110,Rival State,Sisters Of Fate,DEBUT,,Apollo Me,2013
1111,Boston,More Than A Feeling,406,363,Boston,1976
1112,The Black Keys,Gold On The Ceiling,535,298,El Camino,2011
1113,Poison,Nothing But A Good Time,DEBUT,,Look What The Cat Dragged In,1986
1114,Spacehog,In The Meantime,776,Re-Entry,Resident Alien,1996
1115,Audioslave,Gasoline,358,347,Audioslave,2002
1116,Kiss,God Gave Rock N' Roll,921,965,Revenge,1992
1117,John Fogerty / Foo Fighters,Fortunate Son,282,181,A Song for Everyone,2013
1118,Blue October,Hate Me,867,784,Foiled,2006
1119,The Darkness,I Believe In A Thing Called love,RE-ENTRY,,Permission To Land,2003
1120,Bad Company,Feel Like Making Love,RE-ENTRY,,Straight Shooter,1975
1121,Blur,Girls and Boys,DEBUT,,Parklife,1994
1122,Van Halen,Jump,310,391,1984,1984
1123,The Vines,Get Free,DEBUT,,Highly Evolved,2002
1124,Motley Crue,Shout At The Devil,DEBUT,,Shout At The Devil,1983
1125,Serj Tankian,Empty Walls,RE-ENTRY,,Elect The Dead,2007
1126,Rise Against,Help Is On The Way,888,944,Endgame,2011
1127,Crowded House,Locked Out,554,Re-Entry,Together Alone,1993
1128,Prodigy,Fire Starter,DEBUT,,The Fat of the Land,1996
1129,Kings Of Leon,Fans,952,843,Because of the Times,2007
1130,Foo Fighters,End Over End,568,519,In Your Honor,2005
1131,The Datsuns,Harmonic Generator,RE-ENTRY,,Outta Sight Outta Mind,2004
1132,Joan Jett & The Blackhearts,I Love Rock 'n' Roll,612,604,I Love Rock n Roll,1981
1133,Zac Brown Band,Heavy Is The Head,215,Debut,Jekyll + Hyde,2015
1134,Marilyn Manson,Disposable Teens,DEBUT,,Holly Wood,2000
1135,Tom Cochrane,Life Is A Highway,600,488,Mad Mad World,1991
1136,Sum 41,Fat Lip,773,Re-Entry,All Killer No Filler,2001
1137,Anberlin,Feel Good Drag,RE-ENTRY,,Never Take Friendship Personal,2005
1138,Iron Maiden,The Evil That Men Do,676,287,Seventh Son of a Seventh Son,1988
1139,Blue October,Dirt Room,RE-ENTRY,,Approaching Normal,2008
1140,Dragon,Are You Old Enough?,710,982,O Zambezi,1978
1141,Pearl Jam,Animal,144,235,vs.,1993
1142,Heart,Barracuda,RE-ENTRY,,Little Queen,1977
1143,The Dandy Warhols,We Used To Be Friends,866,737,Welcome to the Monkey House,2003
1144,The Rolling Stones,Beast Of Burden,DEBUT,,Some Girls,1978
1145,Beck,Dreams,DEBUT,,Single Only,2015
1146,Slash / Fergie,Beautiful Dangerous,990,588,All That You Can't Leave Behind,2000
1147,Gaslight Anthem,45,999,898,Handwritten,2012
1148,Limp Bizkit,Behind Blue Eyes,791,Re-Entry,Results May Vary,2003
1149,P.O.D.,Alive,451,581,Satellite,2001
1150,Peter Frampton,Do You Feel Like We Do,RE-ENTRY,,Frampton's Camel,1973
1151,Guns N' Roses,Better,RE-ENTRY,,Chineese Democracy,2008
1152,Shihad,Bitter,DEBUT,,Killjoy,1995
1153,Oasis,All Around The World,DEBUT,,Be Here Now,1998
1154,Incubus,Absolution Calling,424,Debut,Trust Fall,2015
1155,Live,All Over You,381,398,Throwing Copper,1994
1156,Three Days Grace,Break,622,411,Life Starts Now,2011
1157,Smashing Pumpkins,Ava Adore,RE-ENTRY,,Adore,1998
1158,John Mellencamp,Hurts So Good,DEBUT,,American Fool,1982
1159,Prodigy,Breathe,DEBUT,,The Fat Of The Land,1996
1160,Finger Eleven,Falling On,RE-ENTRY,,Them vs You vs Me,2007
1161,Oasis,Do You Know What I Mean,DEBUT,,Be Here Now,1997
1162,Marilyn Manson,Arma...Geddon,DEBUT,,The High End Of Low,2009
1163,David Bowie,Changes,RE-ENTRY,,Hunky Dory,1971
1164,Pearl Jam,The Fixer,400,562,Backspacer,2009
1165,The Living End,Wake Up,DEBUT,,State Of Emergency,2006
1166,Europe,The Final Countdown,849,731,The Final Countdown,1986
1167,Velvet Revolver,The Last Fight,213,482,Libertad,2007
1168,Blindspott,Stay,RE-ENTRY,,End The Scilence,2006
1169,Collective Soul,The World I Know,558,759,Collective Soul,1995
1170,Bush,The Chemicals Between Us,988,845,The science of things,1999
1171,Hoodoo Gurus,What'S My Scene,RE-ENTRY,,Blow Your Cool,1987
1172,Muse,Time Is Running Out,DEBUT,,Absolution,2003
1173,Cream / Eric Clapton,White Room,RE-ENTRY,,Wheels Of Fire,1968
1174,Pearl Jam,Worldwide Suicide,595,340,Pearl Jam,2006
1175,The Police,Message In A Bottle,350,510,Reggatta De Blanc,1979
1176,The Vines,He's A Rocker,DEBUT,,Melodia,2008
1177,Oasis,Little By Little,DEBUT,,Heathen Chemestry,2002
1178,U2,All I Want Is You,RE-ENTRY,,Rattle & Hum,1988
1179,Motley Crue,Wild Side,DEBUT,,Girls Girls Girls,1987
1180,Live,Simple Creed,DEBUT,,V,2001
1181,The Hives,Tick Tick Boom,DEBUT,,The Black and White Album,2007
1182,Guns N' Roses,Sympathy For The Devil,RE-ENTRY,,Interview With The Vampire Soundtrack,1994
1183,Steppenwolf,Magic Carpet Ride,DEBUT,,The Second,1968
1184,Collective Soul,Gel,RE-ENTRY,,Gel (The Blue Album),1995
1185,The Feelers,Venus,RE-ENTRY,,Supersystem,1998
1186,New Radicals,You Get What You Give,DEBUT,,Maybe You've Been Brainwashed Too,1998
1187,Nirvana,On A Plain,95,Re-Entry,Nevermind,1991
1188,Ben Harper,Please Bleed,377,505,Burn to Shine,1999
1189,Robert Palmer,Simply Irresistible,688,Re-Entry,Heavy Nova,1988
1190,Creed,One,DEBUT,,My Own Prison,1997
1191,Nickelback,Never Again,RE-ENTRY,,Silver Side Up,2002
1192,Bush,Little Things,841,Re-Entry,Sixteen Stone,1995
1193,The Strypes,Queen Of The Half Crown,DEBUT,,Little Victories,2015
1194,Audioslave,Original Fire,164,150,Revelations,2006
1195,Papa Roach,Scars,RE-ENTRY,,Getting Away With Murder,2005
1196,Foo Fighters,Low,RE-ENTRY,,One By One,2002
1197,Limp Bizkit,My Way,RE-ENTRY,,Chocolate Starfish And The Hotdog Flavoured Water,2001
1198,Matchbox 20,Disease,RE-ENTRY,,More Than You Think You Are,2002
1199,AC/DC,Rock 'n' Roll Ain't Noise Pollution,503,359,Back 'n' Black,1980
1200,Grinspoon,Hard Act To Follow,RE-ENTRY,,Thrills Kills & Sunday pills,2004
1201,Them Crooked Vultures,New Fang,RE-ENTRY,,Them Crooked Vultures,2009
1202,Pearl Jam,Oceans,DEBUT,,Ten,1991
1203,Motley Crue,Saints Of Los Angeles,RE-ENTRY,,Saints Of Los Angeles,2008
1204,The Clash,London Calling,847,842,London Calling,1972
1205,Motley Crue,Same Ol' Situation,RE-ENTRY,,Dr. Feelgood,1989
1206,Powderfinger,My Happiness,594,704,Odyssey Number 5,2000
1207,The Police,Every Little Thing She Does Is Magic,RE-ENTRY,,Ghost in the Machine,1981
1208,Tool,No Quarter,DEBUT,,Single Only,2000
1209,The Presidents Of The USA,Lump,592,692,The Presidents,1995
1210,Velvet Revolver,She Builds Quick Machines,610,Re-Entry,Libertad,2007
1211,Opshop,No Ordinary Thing,RE-ENTRY,,You Are Here,2004
1212,The Black Keys,Sister,683,462,El Camino,2011
1213,Def Leppard,Rockit,RE-ENTRY,,Hysteria,1987
1214,The Offspring,She's Got Issues,RE-ENTRY,,Americana,1998
1215,Finger Eleven,Paralyzer,RE-ENTRY,,Them vs You vs Me,2007
1216,Collective Soul,Shine,318,230,"Hints, Allegations and Things Left Unsaid",1993
1217,Counting Crows,Round Here,RE-ENTRY,,August and Everything After,1993
1218,Billy Idol,Hot In The City,DEBUT,,Billy Idol,1982
1219,Social Distortion,Machine Gun Blues,971,849,Hard Times and Nursery Rhymes,2011
1220,Soundgarden,Pretty Noose,617,501,Down on the Upside,1996
1221,Bryan Adams,Run To You,638,454,Reckless,1984
1222,Reef,Place Your Hands,968,Re-Entry,Glow,1997
1223,The Offspring,Pretty Fly,655,489,Americana,1998
1224,Billy Joel,We Didn't Start The Fire,DEBUT,,Storm Front,1989
1225,Limp Bizkit,Faith,DEBUT,,Three Dollar Bill Y'all$,1997
1226,Shihad,For What You Burn,RE-ENTRY,,Killjoy,1995
1227,Jimi Hendrix,Foxy Lady,422,655,Are You Experienced?,1967
1228,Tonic,Open Up Your Eyes,906,Re-Entry,Lemon Parade,1997
1229,Foals,Inhaler,DEBUT,,Holy Fire,2013
1230,The White Stripes,Fell In Love With A Girl,DEBUT,,White Blood Cells,2001
1231,David Bowie,Golden Years,DEBUT,,David Bowie Compliation,1983
1232,Radiohead,Just,542,295,The Bends,1995
1233,The Feelers,Larger Than Life,692,778,Playground Battle,2003
1234,Queen,I Want To Break Free,940,Re-Entry,The Works,1984
1235,Bon Jovi,Keep The Faith,798,508,Keep The Faith,1992
1236,Veruca Salt,Volcano Girls,RE-ENTRY,,Eight Arms to hold you,1997
1237,Neil Young,Heart Of Gold,RE-ENTRY,,Harvest,1972
1238,Eve 6,Inside Out,528,809,Eve 6,1998
1239,The Beatles,Let It Be,DEBUT,,Let It Be,1970
1240,Collective Soul,Heavy,727,721,Dosage,1999
1241,Andrew Watt,Ghost In My Head,DEBUT,,Single Only,2015
1242,Nickelback,Too Bad,RE-ENTRY,,Silverside Up,2001
1243,Seven Mary Three,Water's Edge,DEBUT,,Amercian Standard,1996
1244,Bon Jovi,Lay Your Hands On Me,951,837,New Jersey,1988
1245,Linkin Park,From The Inside,643,485,Meteora,2003
1246,Chevelle,Hats Off To The Bull,956,864,Hats Off To The Bull,2011
1247,Aerosmith,Come Together,RE-ENTRY,,Movie Soundtrack,1978
1248,Coldplay,Clocks,937,Re-Entry,A Rush Of Blood to the Head,2002
1249,Alabama 3,I Woke Up This Morning,439,381,Exile on Coldharbour Lane,1997
1250,Free,Alright Now,891,Debut,Fire And Water,1970
1251,Matchbox 20,Three AM,RE-ENTRY,,Yourself or Someone Like You,1996
1252,Stone Sour,Absolute Zero,RE-ENTRY,,House of Gold and Bones,2012
1253,Gaslight Anthem,American Slang,RE-ENTRY,,American Slang,2010
1254,Head Like A Hole,Comfortably Shagged,828,701,Are You Gonna Kiss It Or Shoot It?,1998
1255,The Verve,Sonnet,DEBUT,,Urban Hymnes,1997
1256,Pearl Jam,Brother,717,945,Lost Dogs,2003
1257,Violent Femmes,Blister In The Sun,783,559,Violent Femmes,1983
1258,The Rolling Stones,Brown Sugar,893,847,Sticky Fingers,1971
1259,Weezer,Buddy Holly,878,Re-Entry,Weezer (The Blue Album),1994
1260,Cold Chisel,Choir Girl,RE-ENTRY,,East,1980
1261,Redlight King,Bullet In My Hand,RE-ENTRY,,Something For the Pain,2011
1262,Jet,Cold Hard Bitch,646,746,Get Born,2003
1263,Biffy Clyro,Black Chandelier,RE-ENTRY,,Opposites,2013
1264,Kiss,Crazy Crazy Nights,944,805,Crazy Nights,1987
1265,Reef,Naked,RE-ENTRY,,Replenish,1995
1266,AC/DC,Can I Sit Next To You Girl,DEBUT,,T.N.T.,1975
1267,Aerosmith,Cryin',RE-ENTRY,,Get A Grip,1993
1268,Nine Inch Nails,Capital G,RE-ENTRY,,Year zero,2007
1269,Hole,Celebrity Skin,353,555,Celebrity Skin,1998
1270,Weezer,Beverly Hills,681,884,Make Believe,2005
1271,Jet,Are You Gonna Be My Girl?,883,817,Get Born,2003
1272,The Offspring,Spare Me The Details,RE-ENTRY,,Splinter,2003
1273,Alice Cooper,Welcome To My Nightmare,DEBUT,,Welcome to my Nightmare,1975
1274,Steriogram,Walkie Talkie Man,RE-ENTRY,,Schmack!,2004
1275,The White Stripes,The Hardest Button To Button,RE-ENTRY,,Elephant,2003
1276,Oasis,Stop Crying Your Heart Out,DEBUT,,Heathen Chemistry,2002
1277,Deftones,Swerve City,DEBUT,,Koi No Yokan,2012
1278,R.E.M.,Stand,865,Re-Entry,Green,1988
1279,Default,Wasting My Time,RE-ENTRY,,The Fallout,2001
1280,The Offspring,Why Don'T You Get A Job?,908,906,Americana,1998
1281,Tonic,You Wanted More,RE-ENTRY,,Sugar,1999
1282,The White Stripes,Blue Orchid,DEBUT,,Get Behind Me Satan,2005
1283,INXS,What You Need,403,582,Listen Like Thieves,1985
1284,The Offspring,Can't Get My Head Around You,RE-ENTRY,,The Splinter,2003
1285,The Checks,There Is A Field,DEBUT,,Single Only,2008
1286,Foo Fighters,This Is A Call,218,493,Foo Fighters,1995
1287,Kings Of Leon,Supersoaker,DEBUT,,Mechanical Bull,2013
1288,Nickelback,Some Day,RE-ENTRY,,The Long Road,2003
1289,The Ataris,The Boys Of Summer,691,Re-Entry,Building The Perfect Beast,1984
1290,Rancid,Time Bomb,DEBUT,,And Out Come The Wolves,1995
1291,AC/DC,That's The Way I Wanna Rock 'N' Roll,583,417,Blow Up Your Video,1998
1292,The Black Keys,Your Touch,RE-ENTRY,,Magic Potion,2006
1293,Days Of The New,"Touch, Peel And Stand",838,859,Days of The New,1997
1294,My Chemical Romance,Welcome To The Black Parade,RE-ENTRY,,The Black Parade,2006
1295,Coldplay,Yellow,699,641,Parachutes,2000
1296,Spiderbait,On My Way,RE-ENTRY,,Greatest Hits,2005
1297,The Cult,Sweet Soul Sister,860,548,Sonic Temple,1989
1298,Like A Storm,Become The Enemy,941,Debut,The End Of The Beginning,2015
1299,Incubus,Anna Molly,753,621,Light Grenades,2006
1300,Devilskin,Mountains,958,Debut,Single Only,2015
1301,U2,Vertigo,749,673,How to Dismantle an Atomic Bomb,2004
1302,Them Crooked Vultures,"Mind Eraser, No Chaser",RE-ENTRY,,Them Crooked Vultures,2009
1303,Kings Of Leon,Molly's Chambers,DEBUT,,Youth and Young Manhood,2003
1304,The Angels,No Secrets,RE-ENTRY,,Dark Room,1980
1305,Seether,No Resolution,RE-ENTRY,,Holding On To Strings Better Left To Fray,2011
1306,The D4,Sake Bomb,RE-ENTRY,,Out of My Head,2005
1307,Neil Young,Rockin' In The Free World,DEBUT,,Freedom,1989
1308,Stone Temple Pilots,Down,782,Re-Entry,No.4,1999
1309,Goo Goo Dolls,Name,RE-ENTRY,,A Boy Name Goo,1995
1310,Red Hot Chili Peppers,Love Rollercoaster,765,440,beavis and butthead do america soundtrack,1996
1311,Eels,Novocaine For The Soul,998,897,Beautiful Freak,1996
1312,Old Crow Medicine Show,Wagon Wheel,DEBUT,,Old Crow Medicine Show,2004
1313,Devilskin,Fade,660,Debut,We Rise,2014
1314,The Doobie Brothers,Long Train Runnin',DEBUT,,The Captain And Me,1973
1315,Like A Storm,Wish You Hell,DEBUT,,Awken in the Fire,2015
1316,Fleetwood Mac,Don't Stop,DEBUT,,Rumours,1977
1317,Crowded House,Don't Dream It's Over,507,793,Crowded House,1987
1318,Alice Cooper,Feed My Frankenstein,DEBUT,,Hey Stupid,1991
1319,Split Enz,I Got You,399,365,True Colours,1980
1320,Candlebox,Blinders,DEBUT,,Happy Pills,1998
1321,U2,I Still Haven't Found What I'm Looking For,562,226,The Joshua Tree,1987
1322,Setting Fire To Stacey,Vital Signs,DEBUT,,Love and War,2016
1323,Bakers Eddy,Wallbreaker,DEBUT,,Single Only,2016
1324,Gary Clark Jr.,Bright Lights,360,512,The Bright Lights E.P,2011
1325,Airways,One Foot,DEBUT,,Single Only,2016
1326,U2,Bullet The Blue Sky,575,785,The Joshua Tree,1987
1327,City Of Souls,Water,DEBUT,,Single Only,2016
1328,Ben Harper,Diamonds On The Inside,856,750,Diamonds On The Inside,2003
1329,Queen,Headlong,454,430,Innuendo,1991
1330,Garbage,I Think I'M Paranoid,875,Debut,Version 2.0,1998
1331,Green Day,21st Century Breakdown,RE-ENTRY,,21st Century Breakdown,2009
1332,Alice Cooper,I'm Eighteen,DEBUT,,A Fistful of Alice,1997
1333,Manic Street Preachers,If You Tolerate This..,RE-ENTRY,,"This is my Truth, Tell me Yours",1998
1334,Noel Gallagher's High Flying Birds,In The Heat Of The Moment,498,Debut,Chasing Yesterday,2014
1335,Silence The City,Closer,DEBUT,,Closer,2013
1336,Split Enz,I See Red,384,421,Frenzy,1981
1337,Sum 41,In Too Deep,RE-ENTRY,,"All Killer, No Filler",2001
1338,Weezer,Island In The Sun,894,652,Weezer (The Green Album),2001
1339,3 Doors Down,It's Not My Time,RE-ENTRY,,3 Doors Down,2008
1340,The Rolling Stones,It'S Only Rock N Roll (But I Like It),356,270,It's Only Rock n Roll,1974
1341,Th' Dudes,Bliss,768,651,Where are the Boys,1980
1342,John Mellencamp,Jack And Dianne,469,640,American Fool,1982
1343,Weta,Got The Ju,RE-ENTRY,,Geographica,2000
1344,The Feelers,Space Cadet,801,Re-Entry,Supersystem,1998
1345,Talking Heads,Road To Nowhere,RE-ENTRY,,Little Creatures,1985
1346,Crash Test Dummies,Afternoons and Coffee Spoons,DEBUT,,God Shuffled His Feet,1993
1347,Fun Lovin' Criminals,Scooby Snacks,DEBUT,,Come Find Yourself,1996
1348,John Butler Trio,Revolution,846,727,April uprising,2010
1349,The White Stripes,My Doorbell,RE-ENTRY,,Get Behind Me Satan,2005
1350,Pearl Jam,Mind Your Manners,627,311,Lightning Bolt,2013
1351,Silverchair,Greatest View,RE-ENTRY,,Diorama,2002
1352,U2,Elevation,829,526,All That You Can't Leave Behind,2000
1353,The Offspring,The Kids Aren't Alright,RE-ENTRY,,Americans,1998
1354,Mona,Shooting The Moon,713,718,Listen to your love,2011
1355,Nine Inch Nails,Into The Void,DEBUT,,The Fragile,1999
1356,Goo Goo Dolls,Here Is Gone,RE-ENTRY,,Gutterflower,2002
1357,Aerosmith,Dude (Looks Like A Lady),330,147,Permanent Vacation,1987
1358,Jane's Addiction,Just Because,DEBUT,,Strays,2003
1359,Lit,My Own Worst Enemy,482,Re-Entry,A Place In The Sun,1999
1360,INXS,Original Sin,362,414,The Swing,1984
1361,Hole,Malibu,DEBUT,,Celebrity Skin,1998
1362,Hello Sailor,Blue Lady,RE-ENTRY,,Hello Sailor,1977
1363,Alien Ant Farm,Movies,DEBUT,,Anthology,2001
1364,Foo Fighters,The One,722,453,Single Only,2002
1365,Ekko Park,Probable Cause,DEBUT,,No Hope,2016
1366,Puddle Of Mudd,Psycho,RE-ENTRY,,Famous,2007
1367,The Doobie Brothers,Listen To The Music,DEBUT,,Toulouse Street,1972
1368,Audioslave,Revelations,DEBUT,,Revelations,2006
1369,AC/DC,Ride On,972,872,Dirty Deeds Done Dirt Cheap,1976
1370,The Black Keys,Tighten Up,388,469,Brothers,2010
1371,The Police,Every Breath You Take,877,Debut,Synchronicity,1983
1372,Live,Shit Town,DEBUT,,Throwing Copper,1994
1373,Black Sabbath,Sabbath Bloody Sabbath,DEBUT,,Sabbath Bloody Sabbath,1973
1374,Goodshirt,Sophie,RE-ENTRY,,Good,2001
1375,Garbage,Stupid Girl,703,549,Garbage,1995
1376,Royal Blood,Come On Over,1000,Debut,Royal Blood,2014
1377,Stereophonics,The Bartender And The Thief,RE-ENTRY,,Performace and Cocktails,1998
1378,Van Halen,Why Can't This Be Love,879,531,5150,1986
1379,R.E.M.,Man On The Moon,RE-ENTRY,,Automatic For The People,1992
1380,The Cars,Drive,947,Re-Entry,Heartbeat City,1984
1381,Counting Crows,Rain King,RE-ENTRY,,August and Everything After,1993
1382,The Police,So Lonely,RE-ENTRY,,Urgh! A Music War,1978
1383,Motley Crue,Smokin' In The Boys Room,RE-ENTRY,,Theartre Of Pain,1985
1384,Red Hot Chili Peppers,Behind The Sun,996,830,The Uplift Mofo Party Plan,1987
1385,Alien Ant Farm,Smooth Criminal,922,Re-Entry,Anthology,2001
1386,Muttonbirds,Dominion Road,697,523,The Mutton Birds,1992
1387,Puddle Of Mudd,Control,RE-ENTRY,,Come Clean,2001
1388,Good Charlotte,Lifestyles Of The Rich And The Famous,RE-ENTRY,,The Young & The Hopeless,2002
1389,Aerosmith,Livin' On The Edge,294,273,Get a Grip,1993
1390,Three Days Grace,Pain,RE-ENTRY,,One-X,2006
1391,Van Halen,Right Now,RE-ENTRY,,For Unlawful Carnal Knowledge,1991
1392,The Dandy Warhols,Bohemian Like You,351,571,Thirteen tales from Urban Bohemia,2000
1393,Slayer,Raining Blood,DEBUT,,Reign In Blood,1986
1394,The Offspring,Gotta Get Away,639,Re-Entry,Smash,1994
1395,Matchbox 20,Real World,RE-ENTRY,,Yourself Or Someone Like You,1996
1396,Split Enz,History Never Repeats,RE-ENTRY,,Waiata,1981
1397,Jane's Addiction,Jane Says,DEBUT,,Jane's Addiction,1987
1398,The Black Crowes,Hard To Handle,647,539,Shake Your Money Maker,1990
1399,Setting Fire To Stacey,Love And War,DEBUT,,Love and War,2015
1400,The Cars,Just What I Needed,684,Re-Entry,The Cars,1978
1401,Kings Of Leon,On Call,833,787,Because of the Times,2007
1402,The White Stripes,Jolene,DEBUT,,White Blood Cells,2001
1403,Head Like A Hole,A Crying Shame,848,Re-Entry,"Double Your Strength, Improve Your Health, & Lengthen Your Life",1996
1404,Jet,Look What You'Ve Done,RE-ENTRY,,Get Born,2003
1405,The Black Keys,Dead and Gone,DEBUT,,El Camino,2011
1406,Soul Asylum,Runaway Train,781,Re-Entry,Grave Dancers Union,1993
1407,Dead Letter Circus,While You Wait,DEBUT,,Aesthesis,2015
1408,Iron Maiden,Rime Of The Ancient Mariner,DEBUT,,Powerslave,1984
1409,Lit,Miserable,959,811,A Place In The Sun,1999
1410,The Police,Walking On The Moon,RE-ENTRY,,Reggata de Blanc,1979
1411,Pantera,Mouth Of War,DEBUT,,Vulger Display of Power,1992
1412,R.E.M.,Everybody Hurts,RE-ENTRY,,Automatic For The People,1992
1413,Chris Cornell,Sunshower,RE-ENTRY,,Euphoria Morning,1999
1414,A.F.I.,Miss Murder,DEBUT,,Decemberundreground,2006
1415,The Beatles,Revolution,RE-ENTRY,,The Beatles,1968
1416,Noel Gallagher's High Flying Birds,The Dying Of The Light,DEBUT,,Chasing Yesterday,2015
1417,Live,Selling The Drama,RE-ENTRY,,Throwing Copper,1994
1418,Survivor,Eye Of The Tiger,411,247,Eye of the Tiger,1982
1419,Creed,Torn,RE-ENTRY,,My Own Prison,1997
1420,The Black Keys,Fever,RE-ENTRY,,Turn Blue,2014
1421,The Clash,I Fought The Law,331,513,The Cost of Living (EP),1979
1422,The Offspring,Original Prankster,RE-ENTRY,,Conspiracy Of One,2001
1423,Kenny Rogers,The Gambler,DEBUT,,The Gambler,1978
1424,Tracy Bonham,Mother Mother,RE-ENTRY,,The Burdens of being Upright,1996
1425,Aerosmith,The Other Side,835,868,Pump,1989
1426,Bleeders,All That Glitters,RE-ENTRY,,The Bleeders,2005
1427,Foo Fighters,Next Year,DEBUT,,There Is Nothing Left To Lose,1999
1428,Cry Of Love,Peace Pipe,673,657,Brother,1993
1429,Kings Of Leon,Notion,RE-ENTRY,,Only By the Night,2008
1430,Tom Petty,Don't Come Around Here,RE-ENTRY,,Southern Accents,1985
1431,Smashing Pumpkins,The Everlasting Gaze,DEBUT,,Machina/The Machines of God,2000
1432,John Butler Trio,Zebra,RE-ENTRY,,Sunrise Over Sea,2004
1433,Cracker,Low,RE-ENTRY,,Kerosene Hat,1993
1434,Filter,Where Do We Go From Here?,339,532,The Amalgamut,2002
1435,Urge Overkill,"Girl, You'll Be A Women Soon",RE-ENTRY,,Pulp Fiction Soundtrack,1994
1436,Live,Freaks,785,681,Secret Samadhi,1997
1437,Pop Evil,Ways To Get High,DEBUT,,Up,2015
1438,Creedence Clearwater Revival,Proud Mary,RE-ENTRY,,Bayou County,1969
1439,Cold War Kids,Hang Me Up To Dry,DEBUT,,Robbers and Cowards,2006
1440,The Offspring,Hit That,DEBUT,,Splinter,2003
1441,Iron Maiden,Seventh Son Of A Seventh Son,DEBUT,,Seventh Son of a Seventh Son,1998
1442,Kings Of Leon,Revelry,RE-ENTRY,,Only By the Night,2008
1443,The Feelers,As Good As It Gets,RE-ENTRY,,Communicate,2001
1444,Deep Purple,Hush,RE-ENTRY,,Shades Of Deep Purple,1968
1445,Jet,Black Hearts (On Fire),RE-ENTRY,,Shaka Rock,2009
1446,The Cars,Let The Good Times Roll,RE-ENTRY,,The Cars,1978
1447,Grinspoon,Lost Control,508,753,New detention,2002
1448,Oasis,Cigarettes And Alcohol,689,524,Definitely Maybe,1994
1449,Beck,Loser,306,262,Mellow Gold,1994
1450,Checaine,Timebomb,DEBUT,,Turn The Stone,2016
1451,Iggy Pop,Lust For Life,RE-ENTRY,,Lust For Life,1997
1452,Green Day,Geek Stink Breath,RE-ENTRY,,Insominac,1995
1453,Black Sabbath,Psycho Man,RE-ENTRY,,Reunion,1998
1454,Of Mice & Men,Never Giving Up,DEBUT,,Restoring Force,2014
1455,Talking Heads,And She Was,RE-ENTRY,,Little Creatures,1985
1456,The Strokes,Last Nite,880,967,Is This It,2001
1457,Alice In Chains,Over Now,DEBUT,,Alice In Chains,1995
1458,Puddle Of Mudd,Drift and Die,DEBUT,,Come Clean,2001
1459,Bruce Springsteen,Cover Me,DEBUT,,Born in the U.S.A.,1984
1460,Red Hot Chili Peppers,My Friends,91,124,One Hot Minute,1995
1461,Midnight Oil,Forgotten Years,RE-ENTRY,,Blue Sky Mine,1990
1462,The Feelers,Pressure Man,752,606,Supersystem,1998
1463,Def Leppard,Let'S Get Rocked,DEBUT,,Adrenalize,1992
1464,Pluto,Long White Cross,RE-ENTRY,,Pipeline Under The Ocean,2005
1465,Push Push,Song 27,DEBUT,,A Trillion Shades of Happy,1992
1466,Armed In Advance,Same Old Story,DEBUT,,Single Only,2016
1467,The Ramones,I Wanna Be Sedated,DEBUT,,Road To Ruin,1978
1468,Them Crooked Vultures,Scumbag Blues,DEBUT,,Them Crooked Vultures,2009
1469,Ozzy Osbourne,I Don't Wanna Stop,RE-ENTRY,,Black Rain,2007
1470,Audioslave,Out Of Exile,912,960,Out of Exile,2006
1471,Stack & Piece,Burning Out,DEBUT,,George FM Single,2016
1472,Powderfinger,On My Mind,200,159,Vulture Street,2003
1473,Dead Letter Circus,The Burning Number,DEBUT,,Aesthesis,2015
1474,Harvey Danger,Flagpole Sitta,720,854,Where Have All the Merrymakers Gone?,1997
1475,Black Stone Cherry,Remember Me,DEBUT,,Magic Mountain,2014
1476,Decades,Terrified,DEBUT,,Single Only,2015
1477,Quiet Riot,Cum On Feel The Noise,390,457,Metal Health,1983
1478,Men At Work,Be Good Johnny,DEBUT,,Business as Usaual,1982
1479,The Offspring,Staring At The Sun,DEBUT,,Americana,1998
1480,Catfish & The Botlemen,Kathleen,DEBUT,,The Balcony,2014
1481,Nickelback,Figured You Out,RE-ENTRY,,The Long Road,2003
1482,The Hives,Hate To Say I Told You,RE-ENTRY,,Veni Vidi Vicious,2000
1483,Foo Fighters,Enough Space,935,Debut,The Colour and the Shape,1997
1484,Skelter,Suffocate,DEBUT,n/a,Single Only,2016
1485,Head Like A Hole,Hootenanny,RE-ENTRY,639,"Double Your Strength, Improve Your Health and Lengthen Your Life",1996
1486,Kora,Carolina,DEBUT,n/a,Single Only,2016
1487,Dana Lyons,Cows With Guns,DEBUT,n/a,Cows With Guns,1996
1488,Foo Fighters,For All The Cows,603,781,Foo Fighters,1995
1489,The Ramones,Blitzkreig Bop,RE-ENTRY,203,Ramones,1976
1490,Fleetwood Mac,The Chain,RE-ENTRY,n/a,Rumours,1977
1491,Diesel,Man Alive,DEBUT,n/a,Hepfidelity,1992
1492,Robert Palmer,Addicted To Love,,317,Riptide,1986
1493,The Verve,The Drugs Don't Work,862,466,Urban Hymns,1997
1494,The Who,Won't Get Fooled Again,800,Re-Entry,Who's Next?,1971
1495,Live,Run To The Water,817,745,The distance to here,1999
1496,Kenny Loggins,Danger Zone,RE-ENTRY,n/a,Top Gun Soundtrack,1986
1497,Opshop,Nothing Can Wait,RE-ENTRY,n/a,You Are Here,2004
1498,Presidents of the USA,Kick Out The Jams,DEBUT,n/a,Presidents of the USA,1995
1499,Goo Goo Dolls,Slide,RE-ENTRY,n/a,Dizzy Up The Girl,1998
1500,Prophets Of Rage,Prophets Of Rage,DEBUT,n/a,Single Only,2016